--
-- PostgreSQL database dump
--

\restrict 6aDjZAV0ijDzVumleIyELvVNvchlbicYAWxJe83aPxFXB2A3KcHqLuYCk4C849o

-- Dumped from database version 18.3
-- Dumped by pg_dump version 18.3

-- Started on 2026-04-05 19:25:18

SET statement_timeout = 0;
SET lock_timeout = 0;
SET idle_in_transaction_session_timeout = 0;
SET transaction_timeout = 0;
SET client_encoding = 'UTF8';
SET standard_conforming_strings = on;
SELECT pg_catalog.set_config('search_path', '', false);
SET check_function_bodies = false;
SET xmloption = content;
SET client_min_messages = warning;
SET row_security = off;

SET default_tablespace = '';

SET default_table_access_method = heap;

--
-- TOC entry 220 (class 1259 OID 36252)
-- Name: actividades_checklist; Type: TABLE; Schema: public; Owner: postgres
--

CREATE TABLE public.actividades_checklist (
    id_actividad integer NOT NULL,
    estado boolean,
    nombre character varying(200) NOT NULL,
    orden integer
);


ALTER TABLE public.actividades_checklist OWNER TO postgres;

--
-- TOC entry 219 (class 1259 OID 36251)
-- Name: actividades_checklist_id_actividad_seq; Type: SEQUENCE; Schema: public; Owner: postgres
--

ALTER TABLE public.actividades_checklist ALTER COLUMN id_actividad ADD GENERATED BY DEFAULT AS IDENTITY (
    SEQUENCE NAME public.actividades_checklist_id_actividad_seq
    START WITH 1
    INCREMENT BY 1
    NO MINVALUE
    NO MAXVALUE
    CACHE 1
);


--
-- TOC entry 222 (class 1259 OID 36260)
-- Name: actividades_planificadas; Type: TABLE; Schema: public; Owner: postgres
--

CREATE TABLE public.actividades_planificadas (
    id_actividad_planificada bigint NOT NULL,
    created_at timestamp(6) without time zone,
    created_by character varying(100),
    deleted_at timestamp(6) without time zone,
    updated_at timestamp(6) without time zone,
    updated_by character varying(100),
    creado_por_id integer NOT NULL,
    descripcion text,
    estado character varying(30) NOT NULL,
    fecha_completada timestamp(6) without time zone,
    fecha_fin date NOT NULL,
    fecha_inicio date NOT NULL,
    fk_equipo integer,
    fk_mantenimiento_prog bigint,
    observaciones text,
    prioridad character varying(20) NOT NULL,
    referencia_mantenimiento_id integer,
    tecnico_id integer NOT NULL,
    tiempo_estimado_minutos integer,
    tiempo_real_minutos integer,
    tipo_actividad character varying(50) NOT NULL,
    titulo character varying(200) NOT NULL
);


ALTER TABLE public.actividades_planificadas OWNER TO postgres;

--
-- TOC entry 221 (class 1259 OID 36259)
-- Name: actividades_planificadas_id_actividad_planificada_seq; Type: SEQUENCE; Schema: public; Owner: postgres
--

ALTER TABLE public.actividades_planificadas ALTER COLUMN id_actividad_planificada ADD GENERATED BY DEFAULT AS IDENTITY (
    SEQUENCE NAME public.actividades_planificadas_id_actividad_planificada_seq
    START WITH 1
    INCREMENT BY 1
    NO MINVALUE
    NO MAXVALUE
    CACHE 1
);


--
-- TOC entry 224 (class 1259 OID 36277)
-- Name: actividades_realizadas; Type: TABLE; Schema: public; Owner: postgres
--

CREATE TABLE public.actividades_realizadas (
    id_actividad_realizada integer NOT NULL,
    id_actividad integer NOT NULL,
    id_mantenimiento integer NOT NULL,
    realizada boolean
);


ALTER TABLE public.actividades_realizadas OWNER TO postgres;

--
-- TOC entry 223 (class 1259 OID 36276)
-- Name: actividades_realizadas_id_actividad_realizada_seq; Type: SEQUENCE; Schema: public; Owner: postgres
--

ALTER TABLE public.actividades_realizadas ALTER COLUMN id_actividad_realizada ADD GENERATED BY DEFAULT AS IDENTITY (
    SEQUENCE NAME public.actividades_realizadas_id_actividad_realizada_seq
    START WITH 1
    INCREMENT BY 1
    NO MINVALUE
    NO MAXVALUE
    CACHE 1
);


--
-- TOC entry 226 (class 1259 OID 36286)
-- Name: activos; Type: TABLE; Schema: public; Owner: postgres
--

CREATE TABLE public.activos (
    id_activo integer NOT NULL,
    created_at timestamp(6) without time zone,
    created_by character varying(100),
    deleted_at timestamp(6) without time zone,
    updated_at timestamp(6) without time zone,
    updated_by character varying(100),
    descripcion text,
    estado character varying(255),
    fecha_adquisicion date,
    fk_categoria integer,
    fk_departamento integer,
    fk_ubicacion integer,
    modelo character varying(255),
    nombre character varying(255) NOT NULL,
    serie character varying(255),
    valor_actual double precision
);


ALTER TABLE public.activos OWNER TO postgres;

--
-- TOC entry 225 (class 1259 OID 36285)
-- Name: activos_id_activo_seq; Type: SEQUENCE; Schema: public; Owner: postgres
--

ALTER TABLE public.activos ALTER COLUMN id_activo ADD GENERATED BY DEFAULT AS IDENTITY (
    SEQUENCE NAME public.activos_id_activo_seq
    START WITH 1
    INCREMENT BY 1
    NO MINVALUE
    NO MAXVALUE
    CACHE 1
);


--
-- TOC entry 228 (class 1259 OID 36296)
-- Name: actualizacion_activos; Type: TABLE; Schema: public; Owner: postgres
--

CREATE TABLE public.actualizacion_activos (
    id integer NOT NULL,
    activo_id integer NOT NULL,
    descripcion text,
    fecha_actualizacion timestamp(6) without time zone,
    actualizado_por_id integer
);


ALTER TABLE public.actualizacion_activos OWNER TO postgres;

--
-- TOC entry 227 (class 1259 OID 36295)
-- Name: actualizacion_activos_id_seq; Type: SEQUENCE; Schema: public; Owner: postgres
--

ALTER TABLE public.actualizacion_activos ALTER COLUMN id ADD GENERATED BY DEFAULT AS IDENTITY (
    SEQUENCE NAME public.actualizacion_activos_id_seq
    START WITH 1
    INCREMENT BY 1
    NO MINVALUE
    NO MAXVALUE
    CACHE 1
);


--
-- TOC entry 230 (class 1259 OID 36306)
-- Name: cargos; Type: TABLE; Schema: public; Owner: postgres
--

CREATE TABLE public.cargos (
    id_cargo integer NOT NULL,
    estado boolean NOT NULL,
    nombre character varying(100) NOT NULL,
    fk_departamento integer
);


ALTER TABLE public.cargos OWNER TO postgres;

--
-- TOC entry 229 (class 1259 OID 36305)
-- Name: cargos_id_cargo_seq; Type: SEQUENCE; Schema: public; Owner: postgres
--

ALTER TABLE public.cargos ALTER COLUMN id_cargo ADD GENERATED BY DEFAULT AS IDENTITY (
    SEQUENCE NAME public.cargos_id_cargo_seq
    START WITH 1
    INCREMENT BY 1
    NO MINVALUE
    NO MAXVALUE
    CACHE 1
);


--
-- TOC entry 232 (class 1259 OID 36315)
-- Name: categorias_equipo; Type: TABLE; Schema: public; Owner: postgres
--

CREATE TABLE public.categorias_equipo (
    id_categoria integer NOT NULL,
    estado boolean NOT NULL,
    nombre character varying(50) NOT NULL
);


ALTER TABLE public.categorias_equipo OWNER TO postgres;

--
-- TOC entry 231 (class 1259 OID 36314)
-- Name: categorias_equipo_id_categoria_seq; Type: SEQUENCE; Schema: public; Owner: postgres
--

ALTER TABLE public.categorias_equipo ALTER COLUMN id_categoria ADD GENERATED BY DEFAULT AS IDENTITY (
    SEQUENCE NAME public.categorias_equipo_id_categoria_seq
    START WITH 1
    INCREMENT BY 1
    NO MINVALUE
    NO MAXVALUE
    CACHE 1
);


--
-- TOC entry 233 (class 1259 OID 36323)
-- Name: checklist_categoria; Type: TABLE; Schema: public; Owner: postgres
--

CREATE TABLE public.checklist_categoria (
    id_actividad integer NOT NULL,
    id_categoria integer NOT NULL
);


ALTER TABLE public.checklist_categoria OWNER TO postgres;

--
-- TOC entry 235 (class 1259 OID 36331)
-- Name: consentimiento_monitoreo; Type: TABLE; Schema: public; Owner: postgres
--

CREATE TABLE public.consentimiento_monitoreo (
    id_consentimiento bigint NOT NULL,
    activo boolean DEFAULT true NOT NULL,
    creado_en timestamp(6) without time zone,
    fecha_aceptacion timestamp(6) without time zone NOT NULL,
    ip_aceptacion character varying(45),
    usuario_id integer NOT NULL,
    version_terminos character varying(20) DEFAULT '1.0'::character varying NOT NULL
);


ALTER TABLE public.consentimiento_monitoreo OWNER TO postgres;

--
-- TOC entry 234 (class 1259 OID 36330)
-- Name: consentimiento_monitoreo_id_consentimiento_seq; Type: SEQUENCE; Schema: public; Owner: postgres
--

ALTER TABLE public.consentimiento_monitoreo ALTER COLUMN id_consentimiento ADD GENERATED BY DEFAULT AS IDENTITY (
    SEQUENCE NAME public.consentimiento_monitoreo_id_consentimiento_seq
    START WITH 1
    INCREMENT BY 1
    NO MINVALUE
    NO MAXVALUE
    CACHE 1
);


--
-- TOC entry 237 (class 1259 OID 36344)
-- Name: custodias; Type: TABLE; Schema: public; Owner: postgres
--

CREATE TABLE public.custodias (
    id_custodia_equipo integer NOT NULL,
    estado boolean NOT NULL,
    fecha_fin date,
    fecha_inicio date,
    observacion character varying(255),
    tipo_movimiento character varying(255),
    id_custodio integer NOT NULL,
    id_equipo integer NOT NULL,
    fk_ubicacion integer
);


ALTER TABLE public.custodias OWNER TO postgres;

--
-- TOC entry 236 (class 1259 OID 36343)
-- Name: custodias_id_custodia_equipo_seq; Type: SEQUENCE; Schema: public; Owner: postgres
--

ALTER TABLE public.custodias ALTER COLUMN id_custodia_equipo ADD GENERATED BY DEFAULT AS IDENTITY (
    SEQUENCE NAME public.custodias_id_custodia_equipo_seq
    START WITH 1
    INCREMENT BY 1
    NO MINVALUE
    NO MAXVALUE
    CACHE 1
);


--
-- TOC entry 239 (class 1259 OID 36356)
-- Name: custodios; Type: TABLE; Schema: public; Owner: postgres
--

CREATE TABLE public.custodios (
    id_custodio integer NOT NULL,
    created_at timestamp(6) without time zone,
    created_by character varying(100),
    deleted_at timestamp(6) without time zone,
    updated_at timestamp(6) without time zone,
    updated_by character varying(100),
    cedula character varying(20) NOT NULL,
    correo character varying(150),
    estado boolean NOT NULL,
    fecha_ingreso date,
    nombre character varying(100) NOT NULL,
    telefono character varying(20),
    fk_cargo integer,
    fk_ubicacion integer,
    usuario_id integer
);


ALTER TABLE public.custodios OWNER TO postgres;

--
-- TOC entry 238 (class 1259 OID 36355)
-- Name: custodios_id_custodio_seq; Type: SEQUENCE; Schema: public; Owner: postgres
--

ALTER TABLE public.custodios ALTER COLUMN id_custodio ADD GENERATED BY DEFAULT AS IDENTITY (
    SEQUENCE NAME public.custodios_id_custodio_seq
    START WITH 1
    INCREMENT BY 1
    NO MINVALUE
    NO MAXVALUE
    CACHE 1
);


--
-- TOC entry 241 (class 1259 OID 36368)
-- Name: departamentos; Type: TABLE; Schema: public; Owner: postgres
--

CREATE TABLE public.departamentos (
    id_departamento integer NOT NULL,
    estado boolean NOT NULL,
    nombre character varying(100) NOT NULL,
    fk_ubicacion integer
);


ALTER TABLE public.departamentos OWNER TO postgres;

--
-- TOC entry 240 (class 1259 OID 36367)
-- Name: departamentos_id_departamento_seq; Type: SEQUENCE; Schema: public; Owner: postgres
--

ALTER TABLE public.departamentos ALTER COLUMN id_departamento ADD GENERATED BY DEFAULT AS IDENTITY (
    SEQUENCE NAME public.departamentos_id_departamento_seq
    START WITH 1
    INCREMENT BY 1
    NO MINVALUE
    NO MAXVALUE
    CACHE 1
);


--
-- TOC entry 243 (class 1259 OID 36377)
-- Name: empresas; Type: TABLE; Schema: public; Owner: postgres
--

CREATE TABLE public.empresas (
    id_empresa integer NOT NULL,
    created_at timestamp(6) without time zone,
    created_by character varying(100),
    deleted_at timestamp(6) without time zone,
    updated_at timestamp(6) without time zone,
    updated_by character varying(100),
    correo character varying(150),
    direccion character varying(500),
    estado boolean NOT NULL,
    nombre character varying(200) NOT NULL,
    ruc character varying(13) NOT NULL,
    telefono character varying(20)
);


ALTER TABLE public.empresas OWNER TO postgres;

--
-- TOC entry 242 (class 1259 OID 36376)
-- Name: empresas_id_empresa_seq; Type: SEQUENCE; Schema: public; Owner: postgres
--

ALTER TABLE public.empresas ALTER COLUMN id_empresa ADD GENERATED BY DEFAULT AS IDENTITY (
    SEQUENCE NAME public.empresas_id_empresa_seq
    START WITH 1
    INCREMENT BY 1
    NO MINVALUE
    NO MAXVALUE
    CACHE 1
);


--
-- TOC entry 245 (class 1259 OID 36389)
-- Name: equipos; Type: TABLE; Schema: public; Owner: postgres
--

CREATE TABLE public.equipos (
    id_equipo integer NOT NULL,
    created_at timestamp(6) without time zone,
    created_by character varying(100),
    deleted_at timestamp(6) without time zone,
    updated_at timestamp(6) without time zone,
    updated_by character varying(100),
    capacidad_almacenamiento_gb integer,
    codigo_sap character varying(20),
    estado boolean NOT NULL,
    estado_equipo character varying(50),
    etiqueta_activo_fijo boolean,
    fecha_compra date,
    ip character varying(100),
    licencia_windows_activada boolean,
    mac character varying(100),
    memoria_ram_gb integer,
    modelo character varying(100),
    observacion_equipo text,
    precio_compra numeric(10,2),
    procesador character varying(100),
    serial character varying(100),
    sistema_operativo character varying(100),
    tipo_equipo character varying(100),
    tipo_licencia_office character varying(50),
    union_dominio boolean,
    version_office character varying(150),
    activo_id integer,
    id_categoria integer NOT NULL,
    id_marca integer NOT NULL,
    fk_ubicacion integer
);


ALTER TABLE public.equipos OWNER TO postgres;

--
-- TOC entry 244 (class 1259 OID 36388)
-- Name: equipos_id_equipo_seq; Type: SEQUENCE; Schema: public; Owner: postgres
--

ALTER TABLE public.equipos ALTER COLUMN id_equipo ADD GENERATED BY DEFAULT AS IDENTITY (
    SEQUENCE NAME public.equipos_id_equipo_seq
    START WITH 1
    INCREMENT BY 1
    NO MINVALUE
    NO MAXVALUE
    CACHE 1
);


--
-- TOC entry 247 (class 1259 OID 36401)
-- Name: firmas_mantenimiento; Type: TABLE; Schema: public; Owner: postgres
--

CREATE TABLE public.firmas_mantenimiento (
    id integer NOT NULL,
    firma_base64 text NOT NULL,
    firmado_en timestamp(6) without time zone NOT NULL,
    firmado_por_id integer,
    id_mantenimiento integer NOT NULL,
    ip_origen character varying(45),
    tipo_firma character varying(20) NOT NULL,
    CONSTRAINT firmas_mantenimiento_tipo_firma_check CHECK (((tipo_firma)::text = ANY ((ARRAY['CUSTODIO'::character varying, 'TECNICO'::character varying])::text[])))
);


ALTER TABLE public.firmas_mantenimiento OWNER TO postgres;

--
-- TOC entry 246 (class 1259 OID 36400)
-- Name: firmas_mantenimiento_id_seq; Type: SEQUENCE; Schema: public; Owner: postgres
--

ALTER TABLE public.firmas_mantenimiento ALTER COLUMN id ADD GENERATED BY DEFAULT AS IDENTITY (
    SEQUENCE NAME public.firmas_mantenimiento_id_seq
    START WITH 1
    INCREMENT BY 1
    NO MINVALUE
    NO MAXVALUE
    CACHE 1
);


--
-- TOC entry 249 (class 1259 OID 36415)
-- Name: imagenes_mantenimiento; Type: TABLE; Schema: public; Owner: postgres
--

CREATE TABLE public.imagenes_mantenimiento (
    id_imagen bigint NOT NULL,
    id_mantenimiento integer NOT NULL,
    nombre_archivo character varying(255) NOT NULL,
    ruta_archivo character varying(500) NOT NULL,
    tamanio_bytes bigint
);


ALTER TABLE public.imagenes_mantenimiento OWNER TO postgres;

--
-- TOC entry 248 (class 1259 OID 36414)
-- Name: imagenes_mantenimiento_id_imagen_seq; Type: SEQUENCE; Schema: public; Owner: postgres
--

ALTER TABLE public.imagenes_mantenimiento ALTER COLUMN id_imagen ADD GENERATED BY DEFAULT AS IDENTITY (
    SEQUENCE NAME public.imagenes_mantenimiento_id_imagen_seq
    START WITH 1
    INCREMENT BY 1
    NO MINVALUE
    NO MAXVALUE
    CACHE 1
);


--
-- TOC entry 251 (class 1259 OID 36427)
-- Name: mantenimientos; Type: TABLE; Schema: public; Owner: postgres
--

CREATE TABLE public.mantenimientos (
    id_mantenimiento integer NOT NULL,
    activo boolean,
    creado_en timestamp(6) without time zone,
    descripcion character varying(2000),
    empresa_id integer,
    equipo_id integer NOT NULL,
    codigo_interno_snapshot character varying(50),
    serie_snapshot character varying(120),
    year_snapshoted integer,
    estado character varying(30),
    estado_general character varying(20),
    estado_interno character varying(30),
    fec_cierre timestamp(6) without time zone,
    fecha_programada timestamp(6) without time zone NOT NULL,
    fk_programado integer,
    cliente_id integer,
    tecnico_id integer,
    odoo_ticket_id character varying(50),
    proxima_fecha date,
    tipo_mantenimiento character varying(30),
    tipo_origen character varying(30),
    CONSTRAINT mantenimientos_estado_interno_check CHECK (((estado_interno)::text = ANY ((ARRAY['PENDIENTE'::character varying, 'EN_PROCESO'::character varying, 'CERRADO'::character varying, 'CANCELADO'::character varying])::text[]))),
    CONSTRAINT mantenimientos_tipo_origen_check CHECK (((tipo_origen)::text = ANY ((ARRAY['ODOO_HELPDESK'::character varying, 'PROGRAMADO'::character varying, 'MANUAL'::character varying])::text[])))
);


ALTER TABLE public.mantenimientos OWNER TO postgres;

--
-- TOC entry 250 (class 1259 OID 36426)
-- Name: mantenimientos_id_mantenimiento_seq; Type: SEQUENCE; Schema: public; Owner: postgres
--

ALTER TABLE public.mantenimientos ALTER COLUMN id_mantenimiento ADD GENERATED BY DEFAULT AS IDENTITY (
    SEQUENCE NAME public.mantenimientos_id_mantenimiento_seq
    START WITH 1
    INCREMENT BY 1
    NO MINVALUE
    NO MAXVALUE
    CACHE 1
);


--
-- TOC entry 253 (class 1259 OID 36440)
-- Name: mantenimientos_programados; Type: TABLE; Schema: public; Owner: postgres
--

CREATE TABLE public.mantenimientos_programados (
    id_programado bigint NOT NULL,
    equipo_id integer NOT NULL,
    estado boolean,
    fecha_proximo_mantenimiento date NOT NULL,
    fecha_ultimo_mantenimiento date,
    frecuencia_dias integer NOT NULL,
    observaciones text,
    tecnico_id integer NOT NULL
);


ALTER TABLE public.mantenimientos_programados OWNER TO postgres;

--
-- TOC entry 252 (class 1259 OID 36439)
-- Name: mantenimientos_programados_id_programado_seq; Type: SEQUENCE; Schema: public; Owner: postgres
--

ALTER TABLE public.mantenimientos_programados ALTER COLUMN id_programado ADD GENERATED BY DEFAULT AS IDENTITY (
    SEQUENCE NAME public.mantenimientos_programados_id_programado_seq
    START WITH 1
    INCREMENT BY 1
    NO MINVALUE
    NO MAXVALUE
    CACHE 1
);


--
-- TOC entry 255 (class 1259 OID 36453)
-- Name: marcas; Type: TABLE; Schema: public; Owner: postgres
--

CREATE TABLE public.marcas (
    id_marca integer NOT NULL,
    estado boolean NOT NULL,
    nombre character varying(100) NOT NULL
);


ALTER TABLE public.marcas OWNER TO postgres;

--
-- TOC entry 254 (class 1259 OID 36452)
-- Name: marcas_id_marca_seq; Type: SEQUENCE; Schema: public; Owner: postgres
--

ALTER TABLE public.marcas ALTER COLUMN id_marca ADD GENERATED BY DEFAULT AS IDENTITY (
    SEQUENCE NAME public.marcas_id_marca_seq
    START WITH 1
    INCREMENT BY 1
    NO MINVALUE
    NO MAXVALUE
    CACHE 1
);


--
-- TOC entry 257 (class 1259 OID 36462)
-- Name: notificaciones; Type: TABLE; Schema: public; Owner: postgres
--

CREATE TABLE public.notificaciones (
    id_notificacion bigint NOT NULL,
    creado_en timestamp(6) without time zone,
    leida boolean,
    mensaje character varying(255) NOT NULL,
    referencia_actividad_id bigint,
    referencia_mantenimiento_id integer,
    url character varying(500),
    usuario_id integer NOT NULL
);


ALTER TABLE public.notificaciones OWNER TO postgres;

--
-- TOC entry 256 (class 1259 OID 36461)
-- Name: notificaciones_id_notificacion_seq; Type: SEQUENCE; Schema: public; Owner: postgres
--

ALTER TABLE public.notificaciones ALTER COLUMN id_notificacion ADD GENERATED BY DEFAULT AS IDENTITY (
    SEQUENCE NAME public.notificaciones_id_notificacion_seq
    START WITH 1
    INCREMENT BY 1
    NO MINVALUE
    NO MAXVALUE
    CACHE 1
);


--
-- TOC entry 259 (class 1259 OID 36473)
-- Name: roles; Type: TABLE; Schema: public; Owner: postgres
--

CREATE TABLE public.roles (
    id_rol integer NOT NULL,
    estado boolean NOT NULL,
    nombre character varying(50) NOT NULL
);


ALTER TABLE public.roles OWNER TO postgres;

--
-- TOC entry 258 (class 1259 OID 36472)
-- Name: roles_id_rol_seq; Type: SEQUENCE; Schema: public; Owner: postgres
--

ALTER TABLE public.roles ALTER COLUMN id_rol ADD GENERATED BY DEFAULT AS IDENTITY (
    SEQUENCE NAME public.roles_id_rol_seq
    START WITH 1
    INCREMENT BY 1
    NO MINVALUE
    NO MAXVALUE
    CACHE 1
);


--
-- TOC entry 261 (class 1259 OID 36482)
-- Name: ubicaciones; Type: TABLE; Schema: public; Owner: postgres
--

CREATE TABLE public.ubicaciones (
    id_ubicacion integer NOT NULL,
    created_at timestamp(6) without time zone,
    created_by character varying(100),
    deleted_at timestamp(6) without time zone,
    updated_at timestamp(6) without time zone,
    updated_by character varying(100),
    agencia character varying(100) NOT NULL,
    ciudad character varying(100),
    direccion character varying(255),
    estado boolean NOT NULL,
    latitud numeric(10,7),
    link_coordenada character varying(500),
    longitud numeric(10,7),
    nombre character varying(100) NOT NULL,
    parroquia character varying(150),
    provincia character varying(100),
    fk_departamento integer
);


ALTER TABLE public.ubicaciones OWNER TO postgres;

--
-- TOC entry 260 (class 1259 OID 36481)
-- Name: ubicaciones_id_ubicacion_seq; Type: SEQUENCE; Schema: public; Owner: postgres
--

ALTER TABLE public.ubicaciones ALTER COLUMN id_ubicacion ADD GENERATED BY DEFAULT AS IDENTITY (
    SEQUENCE NAME public.ubicaciones_id_ubicacion_seq
    START WITH 1
    INCREMENT BY 1
    NO MINVALUE
    NO MAXVALUE
    CACHE 1
);


--
-- TOC entry 263 (class 1259 OID 36494)
-- Name: ubicaciones_tecnicos; Type: TABLE; Schema: public; Owner: postgres
--

CREATE TABLE public.ubicaciones_tecnicos (
    id_ubicacion_tecnico bigint NOT NULL,
    creado_en timestamp(6) without time zone,
    latitud numeric(10,7) NOT NULL,
    longitud numeric(10,7) NOT NULL,
    precision_metros numeric(6,2),
    timestamp_captura timestamp(6) without time zone NOT NULL,
    usuario_id integer NOT NULL
);


ALTER TABLE public.ubicaciones_tecnicos OWNER TO postgres;

--
-- TOC entry 262 (class 1259 OID 36493)
-- Name: ubicaciones_tecnicos_id_ubicacion_tecnico_seq; Type: SEQUENCE; Schema: public; Owner: postgres
--

ALTER TABLE public.ubicaciones_tecnicos ALTER COLUMN id_ubicacion_tecnico ADD GENERATED BY DEFAULT AS IDENTITY (
    SEQUENCE NAME public.ubicaciones_tecnicos_id_ubicacion_tecnico_seq
    START WITH 1
    INCREMENT BY 1
    NO MINVALUE
    NO MAXVALUE
    CACHE 1
);


--
-- TOC entry 265 (class 1259 OID 36505)
-- Name: usuarios; Type: TABLE; Schema: public; Owner: postgres
--

CREATE TABLE public.usuarios (
    id_usuario integer NOT NULL,
    created_at timestamp(6) without time zone,
    created_by character varying(100),
    deleted_at timestamp(6) without time zone,
    updated_at timestamp(6) without time zone,
    updated_by character varying(100),
    cedula character varying(20),
    contrasena character varying(255) NOT NULL,
    correo character varying(150) NOT NULL,
    estado boolean NOT NULL,
    nombre character varying(100) NOT NULL,
    id_departamento integer,
    id_rol integer
);


ALTER TABLE public.usuarios OWNER TO postgres;

--
-- TOC entry 264 (class 1259 OID 36504)
-- Name: usuarios_id_usuario_seq; Type: SEQUENCE; Schema: public; Owner: postgres
--

ALTER TABLE public.usuarios ALTER COLUMN id_usuario ADD GENERATED BY DEFAULT AS IDENTITY (
    SEQUENCE NAME public.usuarios_id_usuario_seq
    START WITH 1
    INCREMENT BY 1
    NO MINVALUE
    NO MAXVALUE
    CACHE 1
);


--
-- TOC entry 5220 (class 0 OID 36252)
-- Dependencies: 220
-- Data for Name: actividades_checklist; Type: TABLE DATA; Schema: public; Owner: postgres
--

COPY public.actividades_checklist (id_actividad, estado, nombre, orden) FROM stdin;
1	t	LIMPIEZA DE MAINBOARD	1
2	t	LIMPIEZA DE TECLADOS	1
\.


--
-- TOC entry 5222 (class 0 OID 36260)
-- Dependencies: 222
-- Data for Name: actividades_planificadas; Type: TABLE DATA; Schema: public; Owner: postgres
--

COPY public.actividades_planificadas (id_actividad_planificada, created_at, created_by, deleted_at, updated_at, updated_by, creado_por_id, descripcion, estado, fecha_completada, fecha_fin, fecha_inicio, fk_equipo, fk_mantenimiento_prog, observaciones, prioridad, referencia_mantenimiento_id, tecnico_id, tiempo_estimado_minutos, tiempo_real_minutos, tipo_actividad, titulo) FROM stdin;
1	2026-03-31 14:38:28.021719	ronald.moreno@cresio.com	\N	2026-03-31 14:38:28.021719	ronald.moreno@cresio.com	1		PENDIENTE	\N	2026-03-31	2026-03-31	\N	\N		BAJA	\N	1	120	\N	MANTENIMIENTO_PROGRAMADO	Revisar cables ML006
\.


--
-- TOC entry 5224 (class 0 OID 36277)
-- Dependencies: 224
-- Data for Name: actividades_realizadas; Type: TABLE DATA; Schema: public; Owner: postgres
--

COPY public.actividades_realizadas (id_actividad_realizada, id_actividad, id_mantenimiento, realizada) FROM stdin;
1	1	1	t
2	2	1	t
3	1	2	t
4	2	2	t
5	1	3	t
6	2	3	t
7	1	4	t
8	2	4	t
9	1	5	t
10	2	5	t
11	1	6	t
12	2	6	t
\.


--
-- TOC entry 5226 (class 0 OID 36286)
-- Dependencies: 226
-- Data for Name: activos; Type: TABLE DATA; Schema: public; Owner: postgres
--

COPY public.activos (id_activo, created_at, created_by, deleted_at, updated_at, updated_by, descripcion, estado, fecha_adquisicion, fk_categoria, fk_departamento, fk_ubicacion, modelo, nombre, serie, valor_actual) FROM stdin;
\.


--
-- TOC entry 5228 (class 0 OID 36296)
-- Dependencies: 228
-- Data for Name: actualizacion_activos; Type: TABLE DATA; Schema: public; Owner: postgres
--

COPY public.actualizacion_activos (id, activo_id, descripcion, fecha_actualizacion, actualizado_por_id) FROM stdin;
\.


--
-- TOC entry 5230 (class 0 OID 36306)
-- Dependencies: 230
-- Data for Name: cargos; Type: TABLE DATA; Schema: public; Owner: postgres
--

COPY public.cargos (id_cargo, estado, nombre, fk_departamento) FROM stdin;
1	t	ASISTENTE DE SOPORTE	1
\.


--
-- TOC entry 5232 (class 0 OID 36315)
-- Dependencies: 232
-- Data for Name: categorias_equipo; Type: TABLE DATA; Schema: public; Owner: postgres
--

COPY public.categorias_equipo (id_categoria, estado, nombre) FROM stdin;
1	t	ACTIVOS
\.


--
-- TOC entry 5233 (class 0 OID 36323)
-- Dependencies: 233
-- Data for Name: checklist_categoria; Type: TABLE DATA; Schema: public; Owner: postgres
--

COPY public.checklist_categoria (id_actividad, id_categoria) FROM stdin;
\.


--
-- TOC entry 5235 (class 0 OID 36331)
-- Dependencies: 235
-- Data for Name: consentimiento_monitoreo; Type: TABLE DATA; Schema: public; Owner: postgres
--

COPY public.consentimiento_monitoreo (id_consentimiento, activo, creado_en, fecha_aceptacion, ip_aceptacion, usuario_id, version_terminos) FROM stdin;
1	t	2026-03-31 16:11:20.410051	2026-03-31 16:11:20.399909	\N	2	1.0
\.


--
-- TOC entry 5237 (class 0 OID 36344)
-- Dependencies: 237
-- Data for Name: custodias; Type: TABLE DATA; Schema: public; Owner: postgres
--

COPY public.custodias (id_custodia_equipo, estado, fecha_fin, fecha_inicio, observacion, tipo_movimiento, id_custodio, id_equipo, fk_ubicacion) FROM stdin;
1	t	\N	2026-03-30		ACTA_INICIAL	1	1	\N
\.


--
-- TOC entry 5239 (class 0 OID 36356)
-- Dependencies: 239
-- Data for Name: custodios; Type: TABLE DATA; Schema: public; Owner: postgres
--

COPY public.custodios (id_custodio, created_at, created_by, deleted_at, updated_at, updated_by, cedula, correo, estado, fecha_ingreso, nombre, telefono, fk_cargo, fk_ubicacion, usuario_id) FROM stdin;
1	2026-03-31 13:44:06.895107	ronald.moreno@cresio.com	\N	2026-03-31 13:44:06.895107	ronald.moreno@cresio.com	1105750077	ronald.moreno@cresio.com	t	2025-04-05	MAYCOL RONALD MORENO SUQUILANDA	0989666290	1	3	\N
\.


--
-- TOC entry 5241 (class 0 OID 36368)
-- Dependencies: 241
-- Data for Name: departamentos; Type: TABLE DATA; Schema: public; Owner: postgres
--

COPY public.departamentos (id_departamento, estado, nombre, fk_ubicacion) FROM stdin;
1	t	TRANSFORMACIÓN DIGITAL	1
2	t	ADMINISTRADORA ML006	3
3	t	ESAC	\N
\.


--
-- TOC entry 5243 (class 0 OID 36377)
-- Dependencies: 243
-- Data for Name: empresas; Type: TABLE DATA; Schema: public; Owner: postgres
--

COPY public.empresas (id_empresa, created_at, created_by, deleted_at, updated_at, updated_by, correo, direccion, estado, nombre, ruc, telefono) FROM stdin;
\.


--
-- TOC entry 5245 (class 0 OID 36389)
-- Dependencies: 245
-- Data for Name: equipos; Type: TABLE DATA; Schema: public; Owner: postgres
--

COPY public.equipos (id_equipo, created_at, created_by, deleted_at, updated_at, updated_by, capacidad_almacenamiento_gb, codigo_sap, estado, estado_equipo, etiqueta_activo_fijo, fecha_compra, ip, licencia_windows_activada, mac, memoria_ram_gb, modelo, observacion_equipo, precio_compra, procesador, serial, sistema_operativo, tipo_equipo, tipo_licencia_office, union_dominio, version_office, activo_id, id_categoria, id_marca, fk_ubicacion) FROM stdin;
1	2026-03-31 13:46:49.514293	ronald.moreno@cresio.com	\N	2026-03-31 13:46:49.514293	ronald.moreno@cresio.com	\N	A_EC_00000001020	t	NUEVO	\N	\N		\N		\N	S19A330NHL	EQUIPO NUEVO	\N		4KXEH7BR800563J		MONITOR		\N		\N	1	1	3
\.


--
-- TOC entry 5247 (class 0 OID 36401)
-- Dependencies: 247
-- Data for Name: firmas_mantenimiento; Type: TABLE DATA; Schema: public; Owner: postgres
--

COPY public.firmas_mantenimiento (id, firma_base64, firmado_en, firmado_por_id, id_mantenimiento, ip_origen, tipo_firma) FROM stdin;
1	data:image/png;base64,iVBORw0KGgoAAAANSUhEUgAAAZAAAACWCAYAAADwkd5lAAAV8klEQVR4Xu2dWWxc13nH7zIc7uIyQ7qV0dqxlViuqI0UpQJ+aBC0qNEUbVGgSDfUQVOrthZLJKXUyZMfmjwYEiVZkRO1BuImRdEW7UuS7igKdAkQiVpsyQ1iK7HSOFZLcihpuMx67+137vCSQ5Eih5f3kjO8v5EsWeQ93z3n9x2e/1m/o2t8IAABCEAAAj4I6D7SkAQCEIAABCCgISBUAghAAAIQ8EUAAfGFjUQQgAAEIICAUAcgAAEIQMAXAQTEFzYSQQACEIAAAkIdgAAEIAABXwQQEF/YSAQBCEAAAggIdQACEIAABHwRQEB8YSMRBCAAAQggINQBCEAAAhDwRQAB8YWNRBCAAAQggIBQByAAAQhAwBcBBMQXNhJBAAIQgAACQh2AAAQgAAFfBBAQX9hIBAEIQAACCAh1AAIQgAAEfBFAQHxhIxEEIAABCCAg1AEIQAACEPBFAAHxhY1EEIAABCCAgFAHIAABCEDAFwEExBc2EkEAAhCAAAJCHYAABCAAAV8EEBBf2EgEAQhAAAIICHUAAhCAAAR8EUBAfGEjEQQgAAEIICDUAQhAAAIQ8EUAAfGFjUQQgAAEIICAUAcgAAEIQMAXAQTEFzYSQQACEIAAAkIdgAAEIAABXwQQEF/YSAQBCEAAAggIdQACEIAABHwRQEB8YSMRBCAAAQggINQBCEAAAhDwRQAB8YWNRBCAAAQggIBQByAAAQhAwBcBBMQXNhJBAAIQgAACQh2AAAQgAAFfBBAQX9hIBAEIQAACCAh1AAIQgAAEfBFAQHxhIxEEIAABCCAg1AEIQAACEPBFAAHxhY1EEIAABCCAgFAHIAABCEDAFwEExBc2EkEAAhCAAAJCHYAABCAAAV8EEBBf2Ko/0db9n/vsh0Z+MFmw22zTMU3HMBxN0w3H0B35P139Fu/ruq45jvzDLZLjZCcKmfSt883VX0JyCAEIbDQBBGSjPRDw+x955uSnrJzzl4apRMGfex1NpMa2ney4M5l+/2xbwFnEHAQgsEkI+GthNknhN1Mxtv/aUF/qjn5JBheGpxsiA2pQoYYZ8rf6y9Fs9bf79SVKL8+pR8s/KrkkcrKp0VT6/a93bSZmlAUCEFgbAQRkbfyqIPUr7d39kylRBUNNR5U0Q8YQMoIYGzljrDaD+keO30926q2aaehicKGYlGzbY5dOm6u1y/MQgMDmI4CA1LBPE/tPWNKSz7XzSjhEN5zxkeFVC8dSGPSdL6aTDQ0tuqFeMV9VctP5/L2br9XXMDqyDgEIBEAAAQkA4nqb6N43VJDhQWxuqkpNMzm2M3o5GOFYqjzNOw7PNDU3NhpqNkyEavTSaerOejue90GgygjQCFSZQ5bLTueBk/mY49SpBQx395T6JZ+xy+l/1pw3ng27KHXbX0x1bmnuVMJlW3ZxbGRY8sIHAhCIKgEEpAY8n+gfypu6Pi8cao1DCcfd3DXt1oW+9SxCd/+QXVoccbT/+w6jkPVkz7sgUG0EEJBq80hZfrp7B3NOzIgrJ7lNttoSpYTjg7s/cu589bENyXr9H17o3tN6SOXJtixfC/Ubkm9eCgEIBE4AAQkc6doNJvcN5WTdOj63CUody5Ae/3hqKu18/+KGn8tI9A1ZsZhuqC3BY5dOUYfW7nIsQKAmCfDDX0Vu69g3mK3T9XrZV+Wuj7sjDvmMZWYmnRtf3lI9Wf31Tz9y4ImvqvxMTecmp2+er6K8VQ8lcgKBzU4AAakCDyf2Hc0YRryhNFWlQouUxGN8KjftfPdLLVWQxUVZ6N4/5Ki8qm3DY5dPB7JtuBrLSZ4gAIGHE0BANrB2dPW9NKObdY3qbHhpjUNlxtGmp7OZ6XcuNG1g1lZ8daJ/wI4Zps6W3hVR8QAENi0BBGQDXJvcc3TarI83ORLNcDbKiKsekzNOLnNzuGEDsrTqV7bsPDrZ3FTvjo7S4zO3Mt9//aOrNkICCECgpgkgIOvovtbeQ1MNscZmtcLhLZCrsxz5nJW/d/1szZ3s7t5/QqaxNM0qFO3xq2cJb7KOdYlXQaAaCCAg6+CFLTsPTTY0NLZImMO5CLlquiqbswvpt4bj65CFUF7RfUAERCxn8lKOa7VbjlDgrKPRZN9QyjC1TvVK29bvj4+cal/H1/OqCBNAQEJ0fnvP8fvxJnOLu6dqlrSsOWtW0SpOXD1b26e4tx2+/Uii8bHZNZAdgvG/Q0SJ6SUIGLuPf6kzrh9yw17ODmllU4Mmmxr4uabGrAsBKloImNt3fGairrm9Y8FUlQhHvqAV7107XdvCMcurs3+gWGfIPVXExQqhBj3cpLHz5MuJhuIX5WqwBdGS1VSoqm+15o/2vUOPxZrMifH/enVyXUHyskAIICCBYJw3IqE+VKCquTUONeKwbc1KjZyOBfyqDTWX7B+0TTntKDEctVF6vKH6wnzs4B90dG25KHdKzoXs915YisBsO3lL+6vGuPmb6uuWY6XHL53Z8AOnK0FJHvjsQVOzL0oZviPBOX92pef5fvURQEAC8on++O//uKurY6t0C12L6ge7WNSsiaubSzg8XN39g46EedcsFT6ecyAB1aIyM7HP/2JyT+7vdUNzg+mXf9xzQiIadlEfSV0/vd/7XpeczfGeVR2Xe+Op/YUfvHk5+MwFYPFjB5PdHa3/K10tGcXaXxu9NPxcAFYxsc4EEJAAgLf3HsvF6+rcmFWueEirOhrQnRwBZC8UE95Bwnzese9eq+yCKS+NJ7CqkdMszU7lnJvOO2d2h5LRGjOa3DdYEBGIlW+4mOOlRhcF7R3h3fOwYiX7h3JyF5i7McO9TNJ2viEC/6tVheHpgz/ZvaX1XRGPFulo5WT0URNb16uKYZVkBgFZoyNkysqS+apSfFq1QG47Ml01vKmmq5ZC5G3hvT8zPZldIcyK/uSJ/0kmnJ96sCe9sFetrttVNyk6durKmcC3BBtPHPx6R2fr78igadFNi9l8wbp/7VzgPuvsU9N88xHNbMuZTF0ddqeWWnYNfLuhXtth20Zc6o0hscXi7l3EZT+RLg8VB82y70xcPbO10qra0Tfwn3Wm8cz8wro9PXZ5uCoiGnTuGXw+Ftcveqv+haLz/MSV029UWjaeqy4CCMga/NG1f1CmDEpRPJR4ZHNOVrblysnyzf1p6h3ItNaZDZUs2CZ7hyxD+tNzjZko7PhE/h862uPPmjI9o6b8vO951NwredUvW3dS9/V3nfdObQ+SqPTyLZkXWrCeIOsImhxnkU0Owe2OK59SqjT/btnlv4Ktjd27MtxdaboHnzN3v/DLifrmb5Zfczw62tqo3X4l69fmWtPJRWj/ItR/XomkOwVXsA+OXz+LeKwV7AamR0D8wH/it251Jx990utbqp6i3BMeGZZew7iUgDT2Hsm1xupnz7aUbyawtaylFyavnF507kXfMfBWol7r0dWqfNkGBM81pZ647eRso7hUej8uVGk6+o4V6sy6WPkSg9oGq0ZB41eG1zwKWk5AlEC6ww1bGlNdxVqWHVSWfV9GX4Ge4ZDNDmlTN1rLt5G7k6ya/kFOK/zp1KXXvuCX32rSde0/MSF9hQ6VRvCmMxOFbVO3zo+txgbPVh+ByDR6QaFv730pF4/Jesf8vvuqDiaob33+3eamhketLU4spkkMdpnBkY9WlHmRqXT+nnPr9VX1cr11DHeTgGxLnnhgW3KX7EITGZjDrRpk6dzLtFRl6yQqYWvfUL7ekMyK/ixaQFajPWn+io5j3b1yZs3TTq27juWbGuvcrdVquqi8UyCI1jSd1rVv0FZjL7VTTQxLp1svmrolTpDrwWYRFeQdEyNrF6vl6ndH/8k/j2n2b6sJMm+Tx4LRnrqdzNHT4qd/kk0fnwrqZ0XZSfQe+12Zn/uaN9wTpv8mN1l+Ish3YGvjCCAgq2C/cL1DLVBKCI8R/yE8yht3U5pdU5e+ovopV3FuS6fW1WB/9vS6NELS+sv3VFPnftXrVeqzndlSUVwDqls71xguV0QvZLybTvX0XfPSOkvPWHrHaqLB8sKseOLgikdexOP64jMtnsAUC2pSSLfvXl3buRf9iSPfTHTGf0ntRiqdq5mvst5Ul+0Y9kQq93fOD87/yircWaK186Vb3U3xJ9UYYGw684WuhsbPl53LU6MRtQYhoVqCXZeRO19sU3TEZWk5H05cGX50tXn383zsqZefbdtSeNXUtaekyPGlBcWtDRnL0i+lrp76uJ/3qDRSxm9JX+WTboRpGUbKGtCL41eHL/q1R7rqI4CAVOgTaTxtbz+lmlIp5JePXyULmcWYKZrgNerelIU07qXbPmr3My86i8vgNfBTM4XM9I1zgUcU7ugdKpimJmvTSksWcnTP3EjmZrJGJnPjVPNKhFt6jo43NNYlZObMleRR74renkN//KCQuCMpSxb4rwY3WvA2IlSylrRSWdby/a7+wX8Ums8IgpbZjssCc6rsUmULuuW8lzKtP7IunfvWSu+TjkRK/FMKr+I4k5mJ/JNMWa1Erfa+X9st2Trwbnjq+Cda28x/9aZSVI907E7hPeeD1z624PUffeHbybbmA9KnnJ3HXxmtG77dHS0sLEgprHvpo0YEqnlTP8Hu2rI3+lB3FFrSgVVflwdU02k5hlPMFu1sMVN0cvnvabffXPG+dH3bodGWLfH2uCPRlMxSo6x+z+mdevMDDXUl2MMSkPJ3y9rJ9c5GfacAd92zcHRS2tiwXNbLn5eRlqxjDS90Ws+LMiJp+tyiEYkYHg9gm/aW/pPpRsNprbabHdv3DpyPxY3fkKWZLlX9Fo1SXEEpn/B7oP5K9fFmMUV8/l1Cq/xcJXWGZ2qPwMqtXO2VKbAcd+weyNbVG/VzO1mkKyWnrucuTzKePjLV2VLfpGaWZjdjzTf8s5dCybXhtuVOg1t2UWbuzbRenM4Z7zs/OvfQvfyBFSAAQ+VrHlZR7Z2pzOjda8H11Ct7o6a17T1WjMuwT6lgRaKntsi6Bz7tzN1rZx4+Wtp1+IvJ+oaXy0c97pZt+SN1edj3ZVrtu46l6hvrOqtNQB7kbT594pOJJudV6WBsE2Tx5bZje2nd0WDROSIjtguV+o/nao8AAvIQn5W2epYmrVRfqyiNpywwmvqugduyY+inVad38QlhdwumI9tBrSC3g25EteraN2C7HXtpNVVjmZc1j3tLrHlsRN4qeaex49iP2+LmTyz37D1t5j+ca1/5eCX23Gd+5rlzyebk0cVCoqvlMPcRiVojQ1AzfT+d/lv71hvPL2e7VgRkURkef6Whq2vyG7LIlZPKUVxcRsOavpsZyr5/4YcVs+XBmiSAgCzhNul1S+NZmvxQ4pHLWPn7N86493V4i59eMlkaVCG0nWxhJjP11pdXnHev5lqyte+VpryennI3087O/bjiYTvFeyPDmyIIZCD8e0RIGjtFSOaj4D7Mbmk6snQgUE1XytmW+Wk1+bc6RxS1beCB+AAjVUEAASl3w85Pb+9qTH53bv5WfurHs/YPnbfPPO49Nn8XuO2MjaWua7f/rLcqPLmGTBjbPzOeaG3vLJ/5cYP0SXs3fuPOR7TsX9CTXIrvjufOJ5oSh90pTHe/nPqUtkisZtlIpjllTYV75ddQhUm6QQQQkDLwC4LRyfhcwj8s4tN1QM45SBNhyYnqicmpGft7f1IVISL81J/mncdmmhpjjeUhNFzhsEQ4rtCg+WFankbf9cLftOlNv2DGnWa1p1ntzHZP3j8gL6mM9tf2zWDPX6w176SHQCUEEJAySmpbpfqn2q4pDeiSJ5HlRK3Mcc8nUqcdirJCHsShtkocFsQzbT1yGLKpbsFiqHsCWwIbjss6TxDvwAYEILD5CSAgZT7We176sEGLdWZuDi8bHTQhlynJGTBpaOcPtrmH2lRo87Q14bx7LlmNVadz97FCLC5h+x44KR5U6I5qLDN5ggAEwiOAgKyF7bbDlxNt8T5THSmeJVkKAuieypCovMFHePWT3WTvcUuX7a1zZ1nc0yQSPLAQbPBAP3kjDQQgULsEEJCAfDfXu3dPtJWMeqE23NAgeduaeOvceu5k0hP9J2SktPAWO7XjJ5dzChI1eFFQw4BQYAYCEIgIAQQkaEc//ntvJ7sSPUtt8SwJihIWFWFKnSs56zsYYPue4zmJwKGCZ0l0RHf8M6dcXviU8p1AalQ0mcvnMm+f5/KeoH2OPQhElAACEqbjtx0ZSbTV7TVl9kiFHClffC+NUNw/3d+yEG/fzWemG/RYvKleAufaShlUIJNSnA43/tSsRFR0ytqzr0J0pKemnRreLRami7ANAQj4J4CA+Ge3+pRKUNrr96qLlEohFVWsptW7oBTMUKWbjZFVulRCBeYQIRKt0TW7kMkXpt/5yiG5BPXN1WeUFBCAAARWJrD61mtlmzxRKQFXUGSEIkcE1N5gV0vcOa5SEMXSyTR1MEPOnUjwOruo2wWrWJi+8boEpytcrvQ1PAcBCEAgDAIISBhUsQkBCEAgAgQQkAg4mSJCAAIQCIMAAhIGVWxCAAIQiAABBCQCTqaIEIAABMIggICEQRWbEIAABCJAAAGJgJMpIgQgAIEwCCAgYVDFJgQgAIEIEEBAIuBkiggBCEAgDAIISBhUsQkBCEAgAgQQkAg4mSJCAAIQCIMAAhIGVWxCAAIQiAABBCQCTqaIEIAABMIggICEQRWbEIAABCJAAAGJgJMpIgQgAIEwCCAgYVDFJgQgAIEIEEBAIuBkiggBCEAgDAIISBhUsQkBCEAgAgQQkAg4mSJCAAIQCIMAAhIGVWxCAAIQiAABBCQCTqaIEIAABMIggICEQRWbEIAABCJAAAGJgJMpIgQgAIEwCCAgYVDFJgQgAIEIEEBAIuBkiggBCEAgDAIISBhUsQkBCEAgAgQQkAg4mSJCAAIQCIMAAhIGVWxCAAIQiAABBCQCTqaIEIAABMIggICEQRWbEIAABCJAAAGJgJMpIgQgAIEwCCAgYVDFJgQgAIEIEEBAIuBkiggBCEAgDAIISBhUsQkBCEAgAgQQkAg4mSJCAAIQCIMAAhIGVWxCAAIQiAABBCQCTqaIEIAABMIggICEQRWbEIAABCJAAAGJgJMpIgQgAIEwCCAgYVDFJgQgAIEIEEBAIuBkiggBCEAgDAIISBhUsQkBCEAgAgQQkAg4mSJCAAIQCIMAAhIGVWxCAAIQiAABBCQCTqaIEIAABMIggICEQRWbEIAABCJAAAGJgJMpIgQgAIEwCCAgYVDFJgQgAIEIEEBAIuBkiggBCEAgDAIISBhUsQkBCEAgAgQQkAg4mSJCAAIQCIMAAhIGVWxCAAIQiAABBCQCTqaIEIAABMIggICEQRWbEIAABCJAAAGJgJMpIgQgAIEwCCAgYVDFJgQgAIEIEEBAIuBkiggBCEAgDAIISBhUsQkBCEAgAgQQkAg4mSJCAAIQCIMAAhIGVWxCAAIQiAABBCQCTqaIEIAABMIggICEQRWbEIAABCJAAAGJgJMpIgQgAIEwCPw/YI7t8Xc7B4MAAAAASUVORK5CYII=	2026-03-31 14:22:42.541999	\N	1	\N	TECNICO
2	data:image/png;base64,iVBORw0KGgoAAAANSUhEUgAAAZAAAACWCAYAAADwkd5lAAAT8klEQVR4Xu2dW2xc13WGz2VmSPEiUZzhMDbsVG3RGK1iSyKHcos+tECAAkX7Vhh5CZL0oYnd1olIKgmQh8RA77FIKrFrI03R5qkFWrQPLdCXIkiKAC3Cm2S5ruUAbVwUjSveL+JtZs45XXvIQw0lipzbnjlz9jfKQyyds/Ze39qcn/uy1rYtPhCAAAQgAIEaCNg1vMMrEIAABCAAAQsBYRBAAAIQgEBNBBCQmrDxEgQgAAEIICCMAQhAAAIQqIkAAlITNl6CAAQgAAEEhDEAAQhAAAI1EUBAasLWvi+dHx71Eo7jKA+KgeWtzk4k2tcbeg4BCLSSAALSSvpNbLt/eKyYcG3Xth+EPAgCa2trd2frnT/tamJXaAoCEIgJAQQkJoE8yY1y8RDNsILAl/Pb8sexLV/+YnF6gnFgwDjARQg0mgBfHI0mGjF76ZHRokw8ZOZhWb4vYjGzLxY9l17a6uro7lJ/73lBsDQ7UVrW4gMBCECgUgIISKWk2vC5vtxoIeW4iZJ4yKxjcXrySLwzuXFPpMVRS1kLzELaMMJ0GQKtJYCAtJa/1tazV8cDtedRPvN4uMHwmd1i4K3PsaGuNSAYh0DMCCAgMQto6E7/yJifdBxbZhfBwvTcVyzre79/nKsD8pwcyrJ9X2YoM0dnKDFFg1sQgECDCCAgDQIZKTPOL30lm8u9IrMP2/N82d+YfOz+RvdHX97o7kr1qP6vbmyvFu6+mY6UL3QGAhCILAEEJLKhqb1jmeEx302Es4/TN8ezI7LUJSeyRGuCpZnTn6+9Z7wJAQjEiQACEqdoii/2T3/m/wbSvVk1+ygUfH9lftI9zcX+K2PFpOy27y93Tajn5bAvHwhAAAInE0BAYjZCBnKyp+FWPvsI3ZfNdF+JTrHo+ctzU6eKTsyw4Q4EIFADAQSkBmhRfaXr4u+u93R39JaEwPOLy7OTyUr7mhkZ90V3bBILKyXGcxCAAAISozEgIhCICJx4bPex7j79wgfZJ37iQypnZGFjdyt49/XSxjofCEAAAo8jgIDEaGxkr16XvA/LKuwWiitvfb3i2UfZMlYpb6TgF72VmZsUWYzR2MAVCOgggIDooNoCm/bgp9/JXsj83MFGeE1lSQaujgWO7chpLE9OY03VZKMFrtMkBCDQIgIISIvAN7rZ80PjhVTSTtRTliQjmeuqaJbsgwRSYBEBaXSQsAeBmBFAQGIS0HRO7vlwXaeeTXApvOgnHNcOpOjiwkHRxZjgwQ0IQEADAQREA9RWmGzEKSpJQPQkAdGRuosiIDcYG60IJG1CoI0I8CXRRsE6qavhBrpflOWnudqWn/ouvbzX0dmRqmcWExOcuAEBCFRAAAGpAFI7PBJW1c3nfX/11unZ58f79LEvDj5/5U/Uv937QY8kE74icxE+EIAABI4ngIDEZGQMPD8eOHLL4OaGt7v97tSZWt0KhWhjZ29v585rnbXa4T0IQCD+BBCQOMR48NP/Pnghc7GeI7whhrCwYt4LvNVZ7geJw/DABwjoIoCA6CLbRLt9l8cLHR3qCK9sfk/Xt/lNLkgTA0dTEGhzAghImwdQdb9/+JqfTCQacvyWXJAYDAhcgECTCCAgTQKts5l0btxPSAZgI05PpeWGQjnJ2xAx0ukztiEAgdYTQEBaH4O6e5AeGvcSSdupJws97ISIkSQk2s5J96jX3WEMQAACsSCAgMQgjL3Pfe5+15lUdyME5DCZUDZU5HIpxkcMxgcuQEAXAb4gdJFtst0wkXB328uvvz3VUWvzCEit5HgPAuYRQEBiEvOsVNK1pZKuXCTly0VSNd8oiIDEZEDgBgSaQAABaQLkZjSRzYmAuKoUe2At1VEIMTzRxR5IM6JGGxBobwIISHvH77D3UknXk0q6dW+kh4mElHSPycDADQhoJICAaITbTNNhIcRKkwkH5Liuuju9vI+Sh2ipcijqf4VC4K/MT9S8FNZM32kLAhBoDQEEpDXcNbT6ipO9uukpTVhf29jafe/PTrzTPKx5dVxH1GmuxUVvI/jRzXMaOopJCEAgJgQQkJgEUrkRLj8VvUA20k+ePYQCEni+VfCsw6q7Rdv3NudvpmKEBVcgAAFNBBAQTWBbYTYUBc8LgqXZk+8EUUtYjmScs1neikjRJgTiQQABiUccS14cliGpJAnwp158P5vp/rDaByl6nsxYptjviNFYwBUINIMAAtIMyk1q4/zQeCGVVFV5K8siT+ek7pUrda/ks3B746+s/Lc+0aSu0gwEIBADAghIDIIYuuCeGXgh89yn/kb998LC5kLwo28OnuKeLcte6jSW5cuy1+Ipy14xQlWXK/253/7bldk3XqjLCC9DIAYEEJAYBLHchXAfpFDwvZX5ycRp7vUPjxWTkkCiZi2eHN1drvk63NNais+/Z66M/k/guOeW526cjY9XeAKB6gkgINUzi/Qb4UksqWgSLM1MOpV0dmBkXDbU93NCikURkTnyP07ipgTESdpPLUxP8vNTyQDjmdgS4AcgZqHNjIz6ruNWfZ9HuYj4Ij6LFYpPu+NTNzBa8qdQsL212xPJSvzZFxBHBIRqxZXw4pn4EkBAYhbb/hFZknL2l6Sq/YILj/YqJCaISHj7YjgEZNYmdcROn1UoAXFT7lOSb7Mp+TYsY8XsZwh3KieAgFTOqi2edH7ys/cGsr3Zg5Imvyid/tdqOn5URGRjfebkfJJqbEft2bAEvsqFUQcJ1CKeFKOUpb+TfQ4FxA98a5FlrKiFlf40kQAC0kTYzWoq+/z1QAU27/nF1dnJipZlyvuWyY15ruuU9k/immjoXnzxHzM9Pb+ufFz8cfHN9KD9ouO6+/tABSmJP//4kviZobEP3KTzoVpmec0aA7QDgWYQQECaQbnJbVSTkf64rpWLSCC/oS/MTIzIs7NNdkVbc+eHR72UJMGU3yMv+0CBHCaw1Oyt4Nu7q7OvnjmuAyIgiyIgGfVvojWFlZlJSr9oixSGo0wAAYlydGrsW0ZOVUl+YN1lStLDY3I/usxEZJSUftu+s/Jla/cv/6jGbkXqtQdl648uQ4V/Xyoouee9Fbx18/LDHc8MjYuA2CUBYRYSqbDSmSYTQECaDLwZzaWHx71Ewpa7QSShcPpGXTFO564VXSfhqv2B0pfl0sYPrf/61jPN8ENXG73D4/muhF1a2isUJV9m7mi+zMDV64FMRCyZeMkex6P80kNjq4mk0xf2TxWv9Kz8b7p+8vOe7X5/be7Va7r6jl0IRIlAXV8uUXKEvjwg0Hnxd+6f6znT3QgBUVb7h8cLCddKqI1mJSIr64W14nvfON+ezF94Nnv1w3dKvuwvzT3yM3D28rVbnanE5ZJoHvNMemh0PZF0H3v6KghkWauQ+NXira99pz0Z0WsIVEYAAamMU9s9Fe6D7O0V82u3b3bU68DZS2P5zg47GYrI4o5/P3h7qrdeu81+f0BKt8jqnqr/ZS0W/H8Kbk392nF96M19YeeM43eWyrzIaSu/YB1m6csMRATEOatsqD+2uobroZ8kJd5KSOR2rnfkdPDf2X5wZ+nW5D8021/ag4BOAgiITrottB0eUT3tRFE1Xey7fG0vlXJT+1+qlrW0s7UZvP1m2+RBhMUmlc+erF0tzd88sQJx+orsAaX2T6OV3jnIE0nnxqUIpewxKRE6SCZUCYmlCx7VzSq2LRd7WY/YFqn5wsIPXr1RDXOehUCUCSAgUY5OHX2T37RlHd+2pEaitdTAjGmZiezKTKRjfyZiWWsbuxv5u69H/+bCn/3Et7O9g58qiZ8IgWTaVzT2Va0w17XkTMK+juwWrWJHaTlPjvuKoizP7h/3zQxfe8J2nL/2Cok/WLn9tX/uz43+hZw/+GX5pyclw0TNRz7wAuvjyzMTM3WElVchECkCFf0QRarHdKYiAumR617CsRqykf5wg31DMhNJJGQmsr+xvrh8fyP4z29GV0TKxKPU34X1vw/e//PfqAjkwUNysi0QFSmJ5r7f9R9QqKZ9noVAFAkgIFGMSgP61HdpdK+j003p+qLru3KwnCU7AGo5a2d3b/v+nde6G9D1E00MXr3+x9Lkl9RDvuw/+PlTKgiXzzzUbOz+zn8H//HGhVr6WX6PPJdw1UKQd+JGAAGJW0RDfy6+ksp2b+6pJZv1be/+roYN77NDo/nOhGREHMxElFg9/FFrN9v5IL/91mRntajDZThlV/ZyvJVbk4lyAQntlTazlYo9vJOtHpC+qaW80sxjzb4T/PDGpWr7ET7fP6Qy9OV4tPh0WrmTWtvgPQi0EwEEpJ2iVWVfDzfSJU9Biv5pubK269LYTk+HXTqtdNJHfYHvSc7F+vzUqXeUhHZCAQn/W+1d5HdT/a67t5DscCu2UxKPzZ354N03hqtEyOMQgMAJBBCQGA+PsDRHNXeD1ILDvji6mely1PLVI+NJ6Uq5uKjaWqUTrvJZnuuctoI//IXHtVleTqX8mdJEpzTd2S+AWJqBHDP7Kb0jk4+lwPtuMHPzY7X4xjsQgMDjCSAgMR4dGTluKksuVd8N0mgk/Zc+X3A7EomDO6uOmFdf/uUfqYZ7eLLJfvIzd7NPn31GKc5evphPJtUR4qOCpN4tiiotG3J/SaNjgz0I1EMAAamHXsTfPZ8bK6SkDklU6jWp5a6ulBwBLmnA/uzhuM/Gzt7ezp3XOu0nf+u97NPnPqIE5F5ZSZG+y+MFkcXD/Iw9O5/fnn/92MKHEQ8R3YNAWxNAQNo6fCd3vmfwuY92X/iVt9VT9+4t/a/1/refipK7zrMvbZxLdXZZ/r6UJJO2ShKXGYXnLc9MJexnxn6c7XOeeFhAouQDfYGAyQQQkJhHPzx6KklvniS9Vbzx3Aos4aZ/adN7Z3uzL3GmOyWZ4HG9k6QVjGkTAo0kgIA0kmYEbR1mpBf9YGlu8nDZJ4JdtayfeenfBs53/Xx47Fbtjqj/X14yJJL9plMQMJQAAhLzwGdGxuRuEMc+raSJbLgXHCnRIfkUco1t64RG6lUVU0n78Mixmo3k81Zx7fZE1Tcrxjy0uAeBlhNAQFoeAr0dkOS3YjLpuKdtpMtFSr7agdCVuV6pl+elgKFatlLPq6O+cvpqd/3217sqfZ/nIACB5hFAQJrHuiUtuU9+9l7m6d6sanwrny/ev/WNY3+Tz8pMRYoBtlxAWgKJRiEAgZoIICA1YWuvl8KNdPUb/cL0xLH7IAhIe8WU3kIgCgQQkChEQXMfzl763NaZzlRpGajgFf2V2UfvwUBANAcB8xCIIQEEJIZBPc4lKQsSuK5T2ldYmJ79qmX9y++VP4eAGDIQcBMCDSSAgDQQZpRNOdlP3h24kP2IKh8lpciD5dmpI0tZCEiUo0ffIBBNAghINOOipVcyC5HaWHIrksxDVta3Vwt330yHDSEgWpBjFAKxJoCAxDq8jzonG+pSOEQd1/WthekH17pmR0blFJbLKSzDxgPuQqAeAghIPfTa8N3+4dF8Ui6BklmIVLj19tZu3Sxd9PRAQAIRlgnGRRvGli5DoNkE+KJoNvEItDcwMhY4kqtXnjSIgEQgMHQBAm1GAAFps4A1ors9z7682d3V0aNsSZHFohRZTGZzsoQll4eclrHeiPaxAQEIxIMAAhKPOFbtRbihrmYhhYLvh6XUEZCqUfICBIwlgIAYGvq+y9f6Uh3uqpzqPUIAATF0QOA2BGoggIDUAC0ur/Tnxjy5Z/ZIPohKNGxlNd64sMUPCJhAAAExIcr4CAEIQEADAQREA1RMQgACEDCBAAJiQpTxEQIQgIAGAgiIBqiYhAAEIGACAQTEhCjjIwQgAAENBBAQDVAxCQEIQMAEAgiICVHGRwhAAAIaCCAgGqBiEgIQgIAJBBAQE6KMjxCAAAQ0EEBANEDFJAQgAAETCCAgJkQZHyEAAQhoIICAaICKSQhAAAImEEBATIgyPkIAAhDQQAAB0QAVkxCAAARMIICAmBBlfIQABCCggQACogEqJiEAAQiYQAABMSHK+AgBCEBAAwEERANUTEIAAhAwgQACYkKU8RECEICABgIIiAaomIQABCBgAgEExIQo4yMEIAABDQQQEA1QMQkBCEDABAIIiAlRxkcIQAACGgggIBqgYhICEICACQQQEBOijI8QgAAENBBAQDRAxSQEIAABEwggICZEGR8hAAEIaCCAgGiAikkIQAACJhBAQEyIMj5CAAIQ0EAAAdEAFZMQgAAETCCAgJgQZXyEAAQgoIEAAqIBKiYhAAEImEAAATEhyvgIAQhAQAMBBEQDVExCAAIQMIEAAmJClPERAhCAgAYCCIgGqJiEAAQgYAIBBMSEKOMjBCAAAQ0EEBANUDEJAQhAwAQCCIgJUcZHCEAAAhoIICAaoGISAhCAgAkEEBATooyPEIAABDQQQEA0QMUkBCAAARMIICAmRBkfIQABCGgggIBogIpJCEAAAiYQQEBMiDI+QgACENBAAAHRABWTEIAABEwggICYEGV8hAAEIKCBAAKiASomIQABCJhAAAExIcr4CAEIQEADAQREA1RMQgACEDCBAAJiQpTxEQIQgIAGAgiIBqiYhAAEIGACAQTEhCjjIwQgAAENBBAQDVAxCQEIQMAEAgiICVHGRwhAAAIaCCAgGqBiEgIQgIAJBBAQE6KMjxCAAAQ0EEBANEDFJAQgAAETCCAgJkQZHyEAAQhoIICAaICKSQhAAAImEEBATIgyPkIAAhDQQAAB0QAVkxCAAARMIICAmBBlfIQABCCggQACogEqJiEAAQiYQAABMSHK+AgBCEBAAwEERANUTEIAAhAwgQACYkKU8RECEICABgL/D63VYPExzYfCAAAAAElFTkSuQmCC	2026-03-31 14:22:42.552	\N	1	\N	CUSTODIO
3	data:image/png;base64,iVBORw0KGgoAAAANSUhEUgAAAZAAAACWCAYAAADwkd5lAAAYm0lEQVR4Xu2deYwk113HX1X1NefObB/jg/hI4sTg7Fpz9KwjQ0iQgxRAkQyC/EMggCxE4l3v9LRNQggYYgTWzrFrO1jGSYgEiIiIiEgkQoAJIQhn59pd71pWDmvXlnft6e6Z2ZnZmemjDn6vemqunaP6mNc1r769lq+peu/9Pq+mvv3e73gKwwcEQAAEQAAEqiCgVHEPbgGBbQl0JdMPGYoZyY2N/CsQgQAIyE8AAiL/HAuzMHEsfZUeqNuWrWBscewvZ4R1jI5AAAQaQgAC0hDscnbadSz9XbLsw5ZlPZwZG/4XOa2EVSAAAg4BCAiehboRSPSnn1QU9qemyU5nx4cG6tYwGgIBEPAkAQiIJ6flYA4qdiz1EY2p/2UxNpU5O9R7MK3AqEEABNwSgIC4JYXr9ibw3uPhRDR8g1lMVfKsffqVoaW9b8IVIAACB5UABOSgzpxHx504Nvh9hSk/azLzl7NnR77j0WFiWCAAAnUgAAGpA0Q0sU4g3p9+SlXY52kV8vT02NBnwQYEQEBeAhAQeee2IZbRCuSjtAL5d4rE+gFFYn2wIYNApyAAAkIIQECEYPZRJ44fhEzOzBRa2U+eLfjIepgKAr4iAAHx1XSLMTbRP/iyoigPMJN9dHp86D/F9IpeQAAERBOAgIgm7oP+SECeJgF5gsJ5v0jhvH/iA5NhIgj4kgAExJfTvr9Gx4+lfkll6rfJkf49cqR/eH97Q+sgAAKNIgABaRR5ifvtOppusSJsgbLSi9Nn32hl7BuGxObCNBDwLQEIiG+nfn8N7zo2OMGY0mtayoeyY6e+v7+9oXUQAIFGEICANIK6D/qkuljDtAJJ0TbWH9M21l/4wGSYCAK+IwAB8d2UizG4qy/1caap37KY9R+Zs8O/KKZX9AICICCSAAREJG0f9bXZDzLUTKZTUBY+IAACMhGAgMg0mx6zhcJ5z1M47/1MYQ9M/2DorMeGh+GAAAjUSAACUiNA3L4zATpg6gz99IRlsScyY0OnwAoEQEAuAhAQuebTU9bEe1KfUIPq16ku1hWqi3W3pwaHwYAACNRMAAJSM0I0sBOBzv6Bnwsp2v+YFtOzY0NBkAIBEJCLAARErvn0lDWR5MC7D6na67QCYbQCwbPmqdnBYECgdgL4pa6dIVrYhQA50k1ypCvTZ4fwrOFJAQHJCOCXWrIJ9Zo5joBcLyjvK5w/9WOvjQ/jAQEQqJ4ABKR6drjTBYF4/2BJVZSAXjQfmjk38pKLW3AJCIDAASEAATkgE3VQh5lIppcUlTWXTON3Z8dH//ag2oFxgwAI3EwAAoKnYl8J0BZWjlwgUVO3vpCdHH5qXztD4yAAAkIJQECE4vZfZ1396TcoE/0OZpnPTY+NHPcfAVgMAvIS8L2AxPpSdpTQ5ik2rez4qCrvtIuzjFYglwjvfaZl/FN2bPQT4npGTyAAAvtNwLcCot5zYi7WGey4STtWiRcNy5ibGA7s9wTI3n4imfpfRVUftEzrpcz48EOy2wv7QMBPBHwpIC1HHltuaQo0cfHgSW7016aPqtL/p/RpeuH5kk89fwESycFvKarycdM0p7LjI731bBttgQAINJaA716Qre89vtR8ONTMxcMkkVjO6ytLF8/wcuP2R6GVSbwzRCsTxn9OW1nD2Mqq4RmNJge/GlCV3yGh/gllo99TQ1O4FQRAwGMEfCcg8b6UpWqqverIZvUF6/LpQ1vn5HAyZQZpGUL6wqiGk+8Y1fMZJd5PEe/Pkxa/kx0bvrWebaMtEACBxhLw18vx7keuJeLtt/LVR0k3SrOTo6Ht8fe9kOj/+Ue4cz1fKK3Mn19foTR2ug5e79He9IlAgJ0hAVkgAblJrA+eRRgxCIDA2o6Nn1DEk4MmLSwUy2Tk39h9ZUF79xbt3TPDsKzcBLaxqn1OEj0nf1UJBv6ZmVZhenw4Um07uA8EQMB7BHy0AlEfT/QPPM1XFaWSac5OjWi7TUesd9DUAu7ExnvT6p0RHep/oi+imOOmyczs+NCuzL0zaowEBEDADQHfCEi0J2UEyLGxGl3FHeO7ntGt3H1yPpEItHNfSWa8+CaznrnTDVBcs4XAvb8V7TqUyPH/i4q8eDpAQC4CvhEQqslEW1IUWUV7UtkJd0mCVAjQoh0vVtQNY25yFDkhVT77lExocb/T9NtLh9mbz89V2QxuAwEQ8BgBXwhIR/fJfDgUCNsHG2UX3maXX7zNzTyQz8TiOSEl8rjPTp2GgLiBts018WTaUFWm5i0jOT82OlFlM7gNBEDAYwR8ISCUDU2rDwrdrTA50PnmvKxbpcXJ4R0itjw2ox4cTlf/YIEpSoj4/xolZ37Tg0PEkEAABKogIL+AbAjdLRT1wvVzp11HAiX6aduLCN1YLm1KNqyCs69voa3AedoKbNd19tjM5NAzvoYB40FAIgLSC0icoqlUiqaiPARKCqysNAmOY63Pk04c3yEfSBdl9v8VZfZ/rj6tohUQAIFGE5BeQJxVBPnOTcrncB1Gqtz6yWzijq6Y7TepUHgaPale658E5AoJyJ26af3DzPjwb3ptfBgPCIBAdQSkFpBockAPqJpmh+KOjaQpBmvYLabm7uP5tlCYHO/8XpQzccttu+soGOFtCka4hXwgl8gHcqSWtnAvCICAdwhILSBOFBVVgqWiiCMVFUXs7EuVQpoagIDU/rDSmStXNE2902DsjdzZobtqbxEtgAAIeIGAtALS8oHjCy3NoTaK/mFLS4XFpUvPtlcCvLM7ZYRCa4mH0nKqhEm111JZmFepLMzPUDZ6hrLRu6ptB/eBAAh4i4C0L8YY1b3SKPSnGuc5n6Jo76ARCChqtfd7a5obO5pE7+DLSkB5gLaw5mkLq6Oxo0HvIAAC9SIgq4AoqxFUjIruGjMTZypOAiT/iUn+k6oFqF4TJEM7sb6B72ia9jHLNFcy4yNrZ6/IYBtsAAE/E5BSQDp7BvVQUFl1nlfnAI/3UfivpigGJR/mcDJhTb8j8d7019QA+21azZUolBoJmTXRxM0g4B0CUgoIHWJEL3+VXv4mvfxHqrIxQQdPKXTwFL30LHrpVeSA9870emMksd70KS3A0hTLQBV53YdSe2P0GAUIgMBOBKp6uXodp1MEkaq2W7MVRl85tjkRXIZpWLlxd8UXvc6lUeOL9Zw8qQUDo+QDscgHAjFu1ESgXxCoMwEpBcSpYVXIF4rXLzwbroaZ04ZBe1i5icpCgKvpT+Z72u4feLg5on0TSZkyzzJs8yMB6QSk+f7USltEjdT6slqvxLv34VN+fHAqsTn0/j862tlRvICcmkqo4VoQ8D4B6QSEktYMSlpTaxYQKqRIldxZvmQY81M4C6TWR7nrWNo+wAuHStVKEveDgHcISCcgztYTuT8YOWyrsq/1yPHFluZwK4mQlbmSeZ1l/u4e70zZwRyJMy/zmZW78pe/9MbBtAKjBgEQ2EigqheslxGuOdApBGt2Yvdzz3eyI9pLOSABygGpQYS8zKgRY3OKWuaLxYfmzz3zUiPGgD5BAATqS0A6AXG+6S4tF27cuPhsWzW4NqxiqIYWooaqYbj1HodpqWA9Mnt++Mv1aBNtgAAINJaAVALSfn+q2BRRg7X6P5xzQJZXSqXFV84g8a0OzyjVwzKoHpZaMtifzU4MPVmHJtEECIBAgwlIJSAxyh7XKHu8lmifQ92P6ZFQkLLYcQ5IPZ9N2losUmmyoGWy5zPjQ5+uZ9toCwRAoDEEpBIQ+pZLZ58rjHwXVW89JZJ0jC2lusH/Ud8HknwgK1QYOUJupW9kx4Z+o76tozUQAIFGEJBLQFbPMC/qhjE3WXnoreOA59FX1xdXrhdf++vDjZgUGfskAVkgAWkzLeW72bFTvyCjjbAJBPxGQB4BCT48keh+dy9jCsu8M/cWe/Mr76pkMmPJlE7pI3zrytINU5+dHIXvoxKAe1xLApIjAYnSyu4cBSb01LFpNAUCINAgAgdCQJqPnMy3RLQQvYDWxksVRqyiqeuLU8/YL/qO7sFSOKRUdYJgZ+9gMaQpQd56NacXNmjuDlS3tL2Ype3FmGFZb+fGhm87UIPHYEEABLYl4FkBUe77zMzhpnAn+cQV7tfY6cOd3fzD/05OWkYF+xgV7HNtV2fvY6WgRkdH0b2GQaXbJ9zfi2fKPYFEMpVXVDVsGOxabmLodvd34koQAAGvEnD9ohVlQGfvgB7QeDH2zUPjTm0qjMv/wTSNDqpV+WG19GfLdWU9oWtNZs0Ulm9YF5/f8SjbeN8AlX3X7I7syC3NaGYvj66IstVP/cT7qcQ+fROg3cH/zo2f/oifbIetICArAU8JiPKe35+PR1vbHVHgqwmDXu2zy4U569UvRbebhJYjjy1Hwmp4G82hOy1W0pk+NzUc3HTvXZ96K5GI3u70Q9tWLPvqtdvZ8tevyTrRjbZrrbpx0Urnzg0PN3o86B8EQKB2Ap4SEDrH3KKlh/3iX1y2CiuXRiJuTXReUHndNAKMnwWl8i+89u1OSXbl3t+bjbUf6rDXLbRyoUUKM4uWOXOuupInu42NV/PdsjiiZQ7vk/5Qx3OFYta69FyXW/sO+nUopnjQZxDjB4GbCXhHQJQTbySSwTv4i71URR2rtRfUdO4qu/K1n2Lv+vW3E7feeYvzEiefO9/w4vte9oeLVG5+ccn84d+07seD4YQE79Q279+kH85kjQXr8ulD+zEGr7TZ0X3yC+FQ4M+RnOmVGcE4QKA+BLwjIGSP89LlL3s6Rtb12NbPAGFsJV+iaCyej25vUNlxWxv9JNyJoptmVXkilSBfzykpixU5j02VEhTJd2Ovi9a26ehn/M/MYnHJfO25fRGzSsa9H9fG+9LfUzX2IdqSNCnAQduPPtAmCICAeAKuX9Iihtb80wMrrW1ahL/5Mwv5JWuXF+rhnlSJxIGO/qAtL5IJUgxXQ7T9Iqalz02MbPaLuLrb/UUkIGZZu8rj4iLBlxw8FiCXy16MxmJHeaTAupDYrn82O7+0bPzwhRb3PXn/yngyPU3imSDxXqEckGbvjxgjBAEQcEPA3VvXTUt1usbxZVTbnBOFxcOqDP7lX2fm7LmRQFPPo4VWLRwiz0h5RUCe85mJ0f39NnzPH5yNdUSSKpe3DaTt0GNSPa4o9sYaX5msprhwoSkZ+y9wbvm2UY5Mk8aCW6PdKin1QhFYVAeLilya5nxmfKTDbd+4DgRAwNsEDqyAOPkfDt7VPA46v3yX8usUfRWn6CsnRLi8Vfbc+xkr/Gi/p4kLWAsXsC1batv1y21bMVhpcXK4odnwHX2DpZDGAhvyNzcN161PI9Y/qJOEUpY/W8qMDUm5Tbffzw/aBwEvEvCcgFQDyfE3UCLg7gKy2jjfXuK7R/w/+Tfp3OyNBev1F4Q5sjvuP17QtCCluzD+hz4357M4HMpCSUmOJR5szJiumMbi1Om6C4ty76ezsbYmHiq99kzYTiSenMmF1jT/zZoY/Rgf12E6NjjAo9zo524SN+PJlEWX07VmjlYg8WrmGPeAAAh4j4BUAsJftSbVOMlNjNiv5d0+nT0pIxigQF/7BUkv5pKhz54b3Ve/yG7j4f6fSItCX/h5kqQjbzvfsb4C4+M3Ldqu45n05sINlrN+NHrLXvZv/Hlnz6BOLLZ1I+0kEOV7mL03x69xZEcnR/nWkyCdKsklXf/27OTpX6lkbLgWBEDAuwSkEpDyisKkUu57Cwi/tuno8XxbJBS2FyNcRMiLPTM+VBe/CIWulhSmqpalmNfPrycy8sTHUEAL8/5L5kr+xoXnb3KYK3efnI/HtbWESr5Kotc03cGdJfTvewQMbN3e433Zq4jxkU3zrbzn8bdiUfN2J7yZzuooO/udD/1HdpctwZ1Clfl4Z7ILnzWvvPg0b2o9xLq1iV15Mu/dXweMDARAoBICUghIe89AkVLRg9xBzj/TVxc/yd564e/dgtj4IiTnOsttedG6bWfjdRvbtF/elHNiUc6Jc956+aVO0WZjQ9vOgZ2Vf5iy8m2nP2PFol68fv60LTz80959ohjkdVh4SRc7losvusorge18Flv9FXbEW6sacZIt3fozNtoY7R5YMplSTvakYVKorr2xRUOyBcsqscsFZn61KaR9kYcLZM+6D82uhjnuAQEQEEtACgFZRabQN13uJigfKHXt2oPs6j++7BYnZY5Tnkb5q30tJxo6/W39dr616KNzHXfk564uX7OuPn9TgUHlnhNzsY5gRzlybGex2Wpjy32fWQ5HwiFaUdj6ECBpdewqrzFIbtYSKmnlZVL6ft7U5y89syZQbrltva49mb4aUazbNoYnc6oQkGqJ4j4Q8C4BmQSEJY5R+ZDVzfhlyiNZrDAxr7Ob/CLBsl+k0mTGrVPsCEiJnN9U6/cmpwYXhI1Z8fQKJ9/B6Zu2z5RbPnU1fkfUfiGX8iV99sKZivw0ytFHc/FImJzj61n4zli5qBULxeL1C8/WLBwb7W89OvB/zRHlg3wtst6XewH07q8LRgYCILCRgFQCwg1zRKS0YORnXxttqnS6eTVg8lHYL3J+5khufJew4F0apwOU7FpYulEyZiYDP451G+9TgzztsYycx1TphsId0XYpeXuFQL6Dpby+snTxzKZkOzrsimqEqTx3perttdiDT7QZBWOOGVxjFet6UZ2zLp3a14iowJH0H7YHzc+RTL04N/Xc45XOBa4HARDwNgH5BGT1xV3Nnr4zVdFkmsJUywG2Rskyc1OVld/gZ5kkWpvs43AzGX2t1lVbz8ligHsK6EOn7hqLr5yxw3FjfYMmL75iiwhPcqS/zWwIBDjcndKDIfu0RPKZwI/g7V8pjA4E/ENAOgGJUXiuRkkKvHAIOairjqiK0lkhtBCxg5+K9LKv5Ix1qips8jIlPKopM769k3zrI3boAycK4eYgnbq4ukIhsbixoSKxs6IpFSjc+Hzjwo3986sBS0EABPYiIJ2A7GVwJT/fHJ3lfjtrffuKl0uprFR8PDlg8iMYnfwU2rayqA2Vl4fnznQqTU+nJm4Ox63EJlwLAiAAAvUiAAHZg6RzRom9vbTHcbl8i4qKbQUoxVypZbupuefRFarbtRZiax/DSB+njhe2ser1+KMdEACBWghAQFzQi/alaDurHPjqFBGMJgco+nU9o48fjKvS1tnG80cqKUm/3TDIN2LYx2JtmCUevZVdzvPDqBIuho5LQAAEQGDfCEBAXKLlIb4hWl7YKxF+ONUO2eDlSrvc91EnZ3fLExc67y3dx+tm8a0to6BXHMrr0kRcBgIgAAIVEYCAVIAr3kdFAelN7ojIdrcWDGbMTw4HKmgWl4IACIDAgSQAAalw2ngJkHCTGpybgkhUiA6XgwAISEYAAiLZhMIcEAABEBBFAAIiijT6AQEQAAHJCEBAJJtQmAMCIAACoghAQESRRj8gAAIgIBkBCIhkEwpzQAAEQEAUAQiIKNLoBwRAAAQkIwABkWxCYQ4IgAAIiCIAARFFGv2AAAiAgGQEICCSTSjMAQEQAAFRBCAgokijHxAAARCQjAAERLIJhTkgAAIgIIoABEQUafQDAiAAApIRgIBINqEwBwRAAAREEYCAiCKNfkAABEBAMgIQEMkmFOaAAAiAgCgCEBBRpNEPCIAACEhGAAIi2YTCHBAAARAQRQACIoo0+gEBEAAByQhAQCSbUJgDAiAAAqIIQEBEkUY/IAACICAZAQiIZBMKc0AABEBAFAEIiCjS6AcEQAAEJCMAAZFsQmEOCIAACIgiAAERRRr9gAAIgIBkBCAgkk0ozAEBEAABUQQgIKJIox8QAAEQkIwABESyCYU5IAACICCKAAREFGn0AwIgAAKSEYCASDahMAcEQAAERBGAgIgijX5AAARAQDICEBDJJhTmgAAIgIAoAhAQUaTRDwiAAAhIRgACItmEwhwQAAEQEEUAAiKKNPoBARAAAckIQEAkm1CYAwIgAAKiCEBARJFGPyAAAiAgGQEIiGQTCnNAAARAQBQBCIgo0ugHBEAABCQjAAGRbEJhDgiAAAiIIgABEUUa/YAACICAZAQgIJJNKMwBARAAAVEEICCiSKMfEAABEJCMAAREsgmFOSAAAiAgigAERBRp9AMCIAACkhGAgEg2oTAHBEAABEQRgICIIo1+QAAEQEAyAhAQySYU5oAACICAKAIQEFGk0Q8IgAAISEYAAiLZhMIcEAABEBBFAAIiijT6AQEQAAHJCEBAJJtQmAMCIAACoghAQESRRj8gAAIgIBkBCIhkEwpzQAAEQEAUAQiIKNLoBwRAAAQkIwABkWxCYQ4IgAAIiCIAARFFGv2AAAiAgGQEICCSTSjMAQEQAAFRBCAgokijHxAAARCQjAAERLIJhTkgAAIgIIoABEQUafQDAiAAApIRgIBINqEwBwRAAAREEfh/nJYXD1IRF9AAAAAASUVORK5CYII=	2026-03-31 16:52:16.320224	\N	2	\N	TECNICO
4	data:image/png;base64,iVBORw0KGgoAAAANSUhEUgAAAZAAAACWCAYAAADwkd5lAAAM7klEQVR4Xu3dTWwcdxnH8ZlZ79px3hzHThASqAegFaVuEsdBCNQbJySuIBC3SpSgFOyECAFCHKACGq9Ni3gRR0C98HKDCxLiwsFvSZs0gNQeegAUe53EaRyvd2f+w/PfzbgOSZTdx+vN7j7fbRXZyT6zM5//4/15Xv6zYcADAQQQQAABhUCoqKEEAQQQQACBgAChCRBAAAEEVAIEiIqNIgQQQAABAoQeQAABBBBQCRAgKjaKEEAAAQQIEHoAAQQQQEAlQICo2ChCAAEEECBA6AEEEEAAAZUAAaJiowgBBBBAgAChBxBAAAEEVAIEiIqNIgQQQAABAoQeQAABBBBQCRAgKjaKEEAAAQQIEHoAAQQQQEAlQICo2ChCAAEEECBA6AEEEEAAAZUAAaJiowgBBBBAgAChBxBAAAEEVAIEiIqNIgQQQAABAoQeQAABBBBQCRAgKjaKEEAAAQQIEHoAAQQQQEAlQICo2ChCAAEEECBA6AEEEEAAAZUAAaJiowgBBBBAgAChBxBAAAEEVAIEiIqNIgQQQAABAoQeQAABBBBQCRAgKjaKEEAAAQQIEHoAAQQQQEAlQICo2ChCAAEEECBA6AEEEEAAAZUAAaJiowgBBBBAgAChBxBAAAEEVAIEiIqNIgQQQAABAoQeQAABBBBQCRAgKjaKEEAAAQQIEHoAAQQQQEAlQICo2ChCAAEEECBA6AEEEEAAAZUAAaJiowgBBBBAgAChBxBAAAEEVAIEiIqNIgQQQAABAoQeQAABBBBQCRAgKjaKEEAAAQQIEHoAAQQQQEAlQICo2ChCAAEEECBA6AEEEEAAAZUAAaJio6gTBI6OTz5zbXHmciesC+uAgEUBAsTiqPfANh+YOHejkAZD8Z3kLzevzny6BzaJTUCg6wQIkK4bMlbYC4xOnE2jKAwSl6Sl+ZkIFQQQaL8AAdJ+c16xBQJHJEDCWoCkQWl+mj5ugSmLQKBZAX7wmhXj+R0hkAWI5EewMneBPu6IUWElrAnwg2dtxHtke7MASeWx/M76WHDtF1d6ZNPYDAS6RoAA6ZqhYkW3C2QB4v8ujtMbq4vTwwghgEB7BQiQ9nrzai0SGD0lJ9HDevu61MlhrCK93CJbFoNAowL80DUqxfM6SuDIqXPp3fyorVeSpGlpYZqrsTpqlFiZXhcgQHp9hHtw+4ZOTN7uz+f2yumPIEmDSl8UFvzXzqVrpYXiUA9uMpuEQEcKECAdOSz3r9QHP/XNQ5vV+Kq8T55enrvwxy5Z7V1ZzdGJKRfJJJDUuWB5vhjKnBD5vr4/kqSuXJor7tmVF2ahCCBwjwAB0iUNMTIxlURhFAWSIMvG5z0ckfMfoeRFNXbp9cVi7bDViMwLycm8EP+IUxevzhXzmqEtjJ372NBA8EuXxj8rzc/+VrMMahCwIkCAdMlIZ79ly2GaYMVygHz4Sy8cHT76cz9sKxvuNfdG8QvZEGaz0/33/pCW/y9IwuWVxemjjQxz4ekzHx0aLFyRCYqyd5OWJKhHG6njOQhYFSBAumTks6uO/Bvj8pzdmdeHT07Gfblc7mEOfk/EH83afoLdP9dnSf3/2iMNwq2vs79xUpT3OzH++fLPf7o2V/xMl7QHq4nAYxEgQB4Le3MvevD4i5WBQqF+SEbeAq8ZnnmdBemjLt0dnpi83hdEhyQJJBcab3Mn4bG21v9s5V8vvdHcKPFsBOwJNP6TZc+mY7ZYjvk7eRPcGqtK4uIbC7pj/O3YqJFPnt+fqyZvStb9TvaWplr1mtGTX/3VyME9z3sJuWw3lst2GzrPMTI+eTWMck9K+maGD9wDEeJkoxJ8991LF15u1TqzHAR6WYAA6YLRld+6nRyW2RorOT7f0SfSD504Wy3kw75Wr2d2jsP6YbwuaFlW0YgAAdIFA51ddeQPr2Szr9fXN9duX3m1I+c8DB+brOT7c7W9g81KXL15cbawU2Y5t+HkKqvQn864kwRLtxcvjO90mdQjgMDOBAiQnfm1pToLkHLZlfsL4YC/jXk2B6ItK9Dki2R7IL6sFVeNHTg5WRqIcodrh66qqSstTeeaXCWejgACuyBAgOwCaqsXOfLxcy5yaejnfwwfn4rzhaj2BlquJsna0kxfq19vp8vbfqNDv6y4nJRXX5/RTe7Lnf/ikfHkN/4IXieH5k7NqEegGwUIkC4ctfcu6Q2C5avXjga3f73cKZsxfHIqyeeiyB9qql0B5fdC5JsV5aXHnPfolJFlPRC4X4AA6cKu6D/+4t8O5vPP+d/K5RBRKhMLO+Imgrmxr712eKDv8369Yrm5oVxq+x8Jk/fX9kKS9I7MGt/XDLfMvo8li/ycj1TuefXv1fnpDzRTz3MRQGB3BQiQ3fXdtaWPyG/6OXl39S+weSep3Lw8079rL9bggrO9he17HO99cqDshSxEpwP3cm0W+aMe+8bPXRzMpcdqYSQpuTpfv2UJDwQQ6BwBAqRzxqLpNZGbCqZyU8HazOn1JL61vviTg00vpEUFw+NTLi+3xa2ti6uurC+8csQvevDUmf/uD/vf57/2/xa7xF1fmH3kSfBtnzhoeuZ9i4aHxSCwKwIEyK6wtmeh4TOTfx/dE32idoJZzjm4OJErlGYe+ebc6rWTQ01yiW39Toby6YBOPh3wnnUYPTnpZCLf1kwWf2XWhgvflktxP/Sgddm6265sU6kS/8Bdmv1Oq9eZ5SGAwM4FCJCdGz7WJQx+5Ozre4fCsbs3oq2fsL6c/2mw8cMzbVixfrnEuFwPMPlsDjnpsbpQfHCAPX36/Mjgnh9tv09VIrdjl7tW3bead7MokNvXb9xcmh1sw3bwEgggoBAgQBRonViyfS+gdqio4uLrl2YautWHansOnP/+6FPJt30g+L2fapwkNxq4pHjf2Nl/7BkInsomRD7stSVc0hLnPVRDQxEC7RIgQNol3YbXkRng1b5C1JcdK5I9gsCflIjlgqi1teT37q1XPteK1RiZmJRbq/ibq9T3PMpxunlrqTjQzLIPjX+93BflHnji3981t9QhV5Y1s008FwFrAgRIr4149K0fj45vfiM7DLR98+p3NXdy6a/Eij+ZfWmwGLiXzjdCcODE1GYhFxQkOLZule6XV74Vv3Prn7NPNLIMnoMAAr0lQID01nhubY1cFRXLeZHaKQf/jv+wQ0ayk1Kf7Ce7K1X5Y61yaDB483uVbEH1E+D1vY3s4c+z+AkoKwszXFrbo/3DZiHQiAAB0ohSDzwnPPblvx7O7X3OJ4kES23cH/Y5Gdmn+dWzp94itb/zh6sSV313aec3R+wBUjYBAfMCBIjhFgifeP4PQ4f3f1amb/jjUnKrWwmV7HKuuy4+NJzMKl8N0j+nizN8Qp/hfmHTEfh/AQKEnrhX4NkXXh3ODXwllIkdLg7SGxcfclkubgggYF6AADHfAgAggAACOgECROdGFQIIIGBegAAx3wIAIIAAAjoBAkTnRhUCCCBgXoAAMd8CACCAAAI6AQJE50YVAgggYF6AADHfAgAggAACOgECROdGFQIIIGBegAAx3wIAIIAAAjoBAkTnRhUCCCBgXoAAMd8CACCAAAI6AQJE50YVAgggYF6AADHfAgAggAACOgECROdGFQIIIGBegAAx3wIAIIAAAjoBAkTnRhUCCCBgXoAAMd8CACCAAAI6AQJE50YVAgggYF6AADHfAgAggAACOgECROdGFQIIIGBegAAx3wIAIIAAAjoBAkTnRhUCCCBgXoAAMd8CACCAAAI6AQJE50YVAgggYF6AADHfAgAggAACOgECROdGFQIIIGBegAAx3wIAIIAAAjoBAkTnRhUCCCBgXoAAMd8CACCAAAI6AQJE50YVAgggYF6AADHfAgAggAACOgECROdGFQIIIGBegAAx3wIAIIAAAjoBAkTnRhUCCCBgXoAAMd8CACCAAAI6AQJE50YVAgggYF6AADHfAgAggAACOgECROdGFQIIIGBegAAx3wIAIIAAAjoBAkTnRhUCCCBgXoAAMd8CACCAAAI6AQJE50YVAgggYF6AADHfAgAggAACOgECROdGFQIIIGBegAAx3wIAIIAAAjoBAkTnRhUCCCBgXoAAMd8CACCAAAI6AQJE50YVAgggYF6AADHfAgAggAACOgECROdGFQIIIGBegAAx3wIAIIAAAjoBAkTnRhUCCCBgXoAAMd8CACCAAAI6AQJE50YVAgggYF6AADHfAgAggAACOgECROdGFQIIIGBegAAx3wIAIIAAAjoBAkTnRhUCCCBgXoAAMd8CACCAAAI6AQJE50YVAgggYF6AADHfAgAggAACOgECROdGFQIIIGBegAAx3wIAIIAAAjoBAkTnRhUCCCBgXoAAMd8CACCAAAI6AQJE50YVAgggYF6AADHfAgAggAACOgECROdGFQIIIGBe4H9aQt21OvG1VAAAAABJRU5ErkJggg==	2026-03-31 16:52:16.33422	\N	2	\N	CUSTODIO
5	data:image/png;base64,iVBORw0KGgoAAAANSUhEUgAAAZAAAACWCAYAAADwkd5lAAASSUlEQVR4Xu3dbWwcxR3H8d29O/vsJI6fzmkpqiIUShGEyLEdBFJRJVD7phSpqlBbqQW1NIVCk9gOVZ+kor6iENsJNKoKqLSp2ndtJURfVFRIVSGIxHYKQSKh9EFQQhOfn4kf7vah/9nz2hdyju/m7uy9u6/piwo8d7OfGe9vZ2dm1zT4QQABBBBAQEPA1ChDEQQQQAABBAwChE6AAAIIIKAlQIBosVEIAQQQQIAAoQ8ggAACCGgJECBabBRCAAEEECBA6AMIIIAAAloCBIgWG4UQQAABBAgQ+gACCCCAgJYAAaLFRiEEEEAAAQKEPoAAAgggoCVAgGixUQgBBBBAgAChDyCAAAIIaAkQIFpsFEIAAQQQIEDoAwgggAACWgIEiBYbhRBAAAEECBD6AAIIIICAlgABosVGIQQQQAABAoQ+gAACCCCgJUCAaLFRCAEEEECAAKEPIIAAAghoCRAgWmwUQgABBBAgQOgDCCCAAAJaAgSIFhuFEEAAAQQIEPoAAggggICWAAGixUahqhDY/kh885bp8x+cHtpaFcfDQSCwzgIEyDqD83UhEbjq6z/puLrlR+m0502eGoyEpFZUA4GKEiBAKqq5qGxpBO79Useett+Z8pNKuS4BUhpVPqX2BAiQ2mvzmj/ilq5epy4asRQEAVLz3QGAIgQIkCLwKFqZAh3dfZ6ZyQ8CpDKbkFqHRIAACUlDUI31E+jY0+/J3SsCZP3I+aYqFSBAqrRhOazVBbbtOegZSz0/ZTvO5MhQFC8EEChcgAAp3IwSFSzQumt/OhaPLQfG7IyzMPfmUEMFHxJVR2DDBAiQDaPnizdCINHV71rRzP0rT34unBjITIbwgwACBQsQIAWTUaCSBTp6ZP7DynR71/WMsZMD/A1UcoNS9w0V4I9nQ/n58vUWSMgEurU0gS4DEENGIPwNrHcj8H1VI8AfT9U0JQeSj0D2CiyZP3fHh4fYhZ4PHL+DQA4BAoRuUVMC2QGyMOekpk8P1dcUAAeLQAkFCJASYvJR4RcIAoQJ9PC3FTUMvwABEv42ooYlFMgKEOY/SujKR9WmAAFSm+1es0cdBIjjeEZymAn0mu0IHHhJBAiQkjDyIZUikBUgngQIe0AqpeGoZygFCJBQNguVKpdAx82yD0SeY3IxlbI/OPVErFzfw+ciUAsCBEgttDLH6As0dx5I19dF/ceYzFz0FubfGOARJvQNBIoQIECKwKNoZQm0d/d7kUimyxMgldV21DacAgRIONuFWpVc4P7PdezZ9Jx6CyEBUnJcPrBGBQiQGm34Wjvs1u4+JxaxlifNFxcWU1OvPVnVmwjbe/oWZL6n3vPMqeTwoZZaa3OOt/wCBEj5jfmGEAhk70BX1ZEHKXryIMWqXoWVvecllTZemDo18JkQNAVVqCIBAqSKGrPQQ0nIk2mtpSfTqrKePJ123nHSs6OH6wr9rDD/fvza77y7tbX+alVHW5IjKgftGfIk3vcnX/Te+eXtYa57MXXrkBdnLT03Uj263rhwKnKzkX7sRDGfSVkEsgUIkBrtDx9+sVI2gzrZOHKFPj48WBVX6O09vW7EiphyWLL7/JC5vBdEwiR5sjqOMVc3Xh6BSFiqpcs8vr5G/9jLeNgESBlxw/zRwWPNg5NKU1d/qt70YqZME6xctfovXTLSqVTFzhdkz33I7nN/82C7zIdEZD7EVaOQ+dnfGK8/9bUwt5Vu3YIAceW4TdWs0rC246bkwqCq5350vShXuAABUrhZVZQIAmQhlXamTx3Jeif4jvr27rvm5FxjZd/ekgGJP3Ewdu7iZuPcU3OVgCDLdiUo5NQpPzKiMpJZL48KXiylbmmNV+koJLiFJcfoGIY5G7XMZnXrLmXbL02NHPlUJbQhdQy3AAES7vYpW+2Wb+OkPTc5OpDznRgNux9a3Bypr1MjkqXVr3L6kX8kS8YmFkaNt492la2CRX5w2+4+JxrLrLpyHdcYGx68pK/LKMSVUcjyba0ivy6UxbMDREIymtjTJy/TsjLzIeMTtxv/fPbFUFacSlWMAAFSMU1V2oomeuRkIudXV40q8rgCb+064Eblcn45SOQkJLdG3OTIYOheyNQm4RCVcFBiV3rrYEImmdVvVeso5MMBojyChRPMh5T276lWP40AqdGWX7kCL+y1rs3dvek6y4quBIlMTI9YfzOcx24LA2V7T79MmGdmcRzXldtWl448suuY6O51LQnFan21bXCbbtF1UlMnMy/Oauo8eCwe876q2k8uHtJy8VBVK+7C0AdrqQ4ESC21dtaxBquw1NLdC1lzA/lyyAjGDSZJwrCnQgWb3LGS2/yZLi1zNt7YibX3eaw8nVdWZJVp1Vmi5+GPyFjo7nTaPjb198NT+RoX+3vBCGRuzntx9vTA8nJlWVgwJZsqt/pOaeeVsdGhW4v9LsrXpgABUpvt7h/1tpsPymyGYZx/9ZBWP1jZqGYYjSm75T/reHIMms3cdeBMoi5ynbm0n0XN0ajVVvkuQW7r7pfbXWZZRyFtnbLqS9It7TjO5MhQ1oKF8nU+a/ve3sS2pkHlceHVy997EtzCVKOv8fdn7nLeffq58tWGT65WAa0TR7Vi1NpxBffDbddxxk8WdmJrvrFvoa7RqlcX/GqZ6NgGvFtDTZRHohIdK6MOIzlnTnhvHGrLuy1v2nusI77Fv6XjyD0vGYWUfE4ncA72oeRdtyJ+sbWrfzwWNVtX/c5behsSjjWnRmx+iMxE7nXOPPbrIr6SojUoQIDUYKMHh5y9Kmds2jjnnR342FoczZ370rFYbPlWkfp92/ac8ZGBdbmyVt/XuKtvfnO9Fc/eZS1VcCZOHtaqgyz3lRVZ5RuFZO/4D/airOVc7H9v6+51ZNGDdaVblE2dB34Vj0XuUeGpQsRzvBfGRgY3/nEnXXsbE5EtP3Qca1IqZeeyME3L9WzzjBXzUuq/y7hzbnx4iF32xXacAssTIAWCVduvBxOtap+HzBms2h/U5jvZF7J8tZ/5o5VHn6TX99EncjJ2/U1xsrPaX1LsP9OquN3kZve+lxNW7FZ/o13adcdHSzsKueyRMXLjMO16zuRw+UI3mKNaayHB1s4DT9fHovf5YSz1kiAZlzmx9vXs563dB38cMdzPi/8OadYty0v9CqyEdIV7pQ8ziirQrZhfJ0CK0auCsuZND04k4g0t6gRy2dVq4vvDie2p3X5qZPUUdVsklbbtqVOH1+WNfpt27p9rjEfihuRX8OgutQz1YspbmHttsCQvhWrfI+8KWb4VJvtGTqy+eqvQZl9eOitwwSS/H8CuBIlXniAJRpd5jXiu/cZtHc3Nfw1w5VZe+RYUdO3b75nRr4jDNXIZ0Ko2rOby9FQDm6basJpzBJKJO+M96ZhJ39L05mSs0icj4TOFtg+/ry9AgOjbVU3Jpl19qXi9Fcu+JSRbB/3jW/53/uWpaSzajjM9Wth8iS5US1evHYuom0srn6Butdiu506Ueq5i+yPxjvaZeTOSOZ/537No2xOvHSk6JIMAUc8XS1+0h+s2RXuyN2eq0Z9TxC24bF/zxv2/b2+IfiF4ioB60MDk6FBzPm2Q6Dkoo8zMCV3VacK273RGjzyfT9kr/U6iu+/PMmqUne9mQzBflf37ylp+FlzDfNfyjL9MO87g4ujQ28V+L+XLL0CAlN+4Ir6hXSakJULkAj93l/Dvkas7RrbnTZyffcs79/T15TgwWVX1VludtUONerJPNur71XLh5EjkD4b3+BfL8d3qM9t6em15+onaMel/RV5X8GtUJjtA5HEq/gnauqHvt20Nxpf9m4JL3+XJkCSdNtzFqPPe3MkjHy/0GFt7DkxHzUhTMKch22BkUUDupwys9tmtPb3JqBVpU0evQsSUiwZ/L79pXXAc4/nJkUN716pX++7+XiNi9ElnukpCI3vQ5ReV/FcP53pHNuocn1pcfNI+ffSVtT6T/x5OAQIknO2yLrVquXHfZKQhujXXyVqNQNR1oX+2y9FL5AaDOhVIopheyknbM6eeKGpDWkt3X1p2J8r/Vh6bkjnZyEjAcddt+asPb33vcEd3en/26q70ov4DJXMFyHID3/Dt7yYa449m8nIFOnNVLpv95P/IAgFvanbiB8bZYz9drWPISdtfkabaSpWdd+zk7MiRhE5Hau15+IWo6d6Ra7SgOoV6CKWafpKvSsvn+z3B/8ncjpKR7KUdxj8Wz1xwTed4cnr2PuPsM//WqRdlwidAgISvTcpao9adEhrx2FY1q3HJCStzZlAnLCd55uxO44M/vRlUpKVrfzpi+reS/DI5TywlrLV/vpGf5NTi/7x//EyuYjfmp0X2b8Rk/4Y/P+SfJjMndRkKiZPp2Y7hTL0eO2q4jx64Ug1Xlkuv/uDGbTcd3GTHvBm5g5ZZIqD5l6nmVZIz88+4Z49+sxRqslv/ZXlCc6fkRYManebT9kuBIUreOdO1Hx8bOfJEKerCZ4RPQLObhu9AqFFugabOfak6Kyp3JVRTX7q+JXOi9pdAOoa3cENy+Odn83E0r+v/b+tm46Pqye+ZD7101JDPZ+T6naX3kLiyCbDkezF062Re++Bzieb4ncuz9zk+KHOrJ/tS/NJfCnwW5TG4+S48sHY+8IvWWON9ZlTm3QPkNQ6iFLfb1nKKbr//062JxqMyX7FjafZ7ZQRimZIZ3vELJwbuWOtz+O/VIUCAVEc7+kexSZ6e22DVqRfuLf1tX34lm1n66i+BdSL1sU+cf+nRf1URQdkOxfzkA6dbGhquj0Q8S+7fyz+Z0Ug+V+T+2GXpZVZlqyAfjMAGCBAgG4Beiq9s3P3QvGwEV49aX5qkzH3bw7+dsLLG34nVN11z7qVH3ilFHfgMEdj1rWearYZ7ZGel3OWT3FYv/8s1SlHvHRkZqoo3PNLuCAQCBEgF9IX4zgdmNsUaNskkqX93XI0ici6HXLrUVecweVC77OH17OTo0C3yr0cq4DCpIgIIVJgAARKiBmvv3m8bjsxV+zsPMlMLmdskl1cys0gnszdDTX3Lk16dxgbrs+8dP8xLgkLUplQFgWoWIEBC0rrySBFZar/62ht/olbqKnnh7zozY9bdF1459MeQVJ9qIIBADQoQICFp9HZZKmtFovIwwKBJ/JU9sj/ZcOoi5t5zJw89G5KqUg0EEEDAFyBA6AgIIIAAAloCBIgWG4UQQAABBAgQ+gACCCCAgJYAAaLFRiEEEEAAAQKEPoAAAgggoCVAgGixUQgBBBBAgAChDyCAAAIIaAkQIFpsFEIAAQQQIEDoAwgggAACWgIEiBYbhRBAAAEECBD6AAIIIICAlgABosVGIQQQQAABAoQ+gAACCCCgJUCAaLFRCAEEEECAAKEPIIAAAghoCRAgWmwUQgABBBAgQOgDCCCAAAJaAgSIFhuFEEAAAQQIEPoAAggggICWAAGixUYhBBBAAAEChD6AAAIIIKAlQIBosVEIAQQQQIAAoQ8ggAACCGgJECBabBRCAAEEECBA6AMIIIAAAloCBIgWG4UQQAABBAgQ+gACCCCAgJYAAaLFRiEEEEAAAQKEPoAAAgggoCVAgGixUQgBBBBAgAChDyCAAAIIaAkQIFpsFEIAAQQQIEDoAwgggAACWgIEiBYbhRBAAAEECBD6AAIIIICAlgABosVGIQQQQAABAoQ+gAACCCCgJUCAaLFRCAEEEECAAKEPIIAAAghoCRAgWmwUQgABBBAgQOgDCCCAAAJaAgSIFhuFEEAAAQQIEPoAAggggICWAAGixUYhBBBAAAEChD6AAAIIIKAlQIBosVEIAQQQQIAAoQ8ggAACCGgJECBabBRCAAEEECBA6AMIIIAAAloCBIgWG4UQQAABBAgQ+gACCCCAgJYAAaLFRiEEEEAAAQKEPoAAAgggoCVAgGixUQgBBBBAgAChDyCAAAIIaAkQIFpsFEIAAQQQIEDoAwgggAACWgIEiBYbhRBAAAEECBD6AAIIIICAlgABosVGIQQQQAABAoQ+gAACCCCgJUCAaLFRCAEEEECAAKEPIIAAAghoCRAgWmwUQgABBBAgQOgDCCCAAAJaAgSIFhuFEEAAAQQIEPoAAggggICWAAGixUYhBBBAAAEChD6AAAIIIKAlQIBosVEIAQQQQIAAoQ8ggAACCGgJECBabBRCAAEEECBA6AMIIIAAAloCBIgWG4UQQAABBAgQ+gACCCCAgJYAAaLFRiEEEEAAAQKEPoAAAgggoCVAgGixUQgBBBBA4P9tUqTiOakDYwAAAABJRU5ErkJggg==	2026-04-01 15:14:56.669291	\N	3	\N	TECNICO
6	data:image/png;base64,iVBORw0KGgoAAAANSUhEUgAAAZAAAACWCAYAAADwkd5lAAAabElEQVR4Xu2dWWwkx3nH+5iTw5uc2chayRYsWbFWe/BUYgSIEwNBDCRO8pQ8JTIsK4o2ewy5SoS8RM/JktxdayVFRmI7iZG3wFDyEgR2kEctL60uQAoEr2RZWpIzJJccco6+8lUPmxxy5+ip6R529/zHNmyLXTVVv69m/lP11fd9ooAXCIAACIAACHAQEDnaoAkIgAAIgAAICBAQLAIQAAEQAAEuAhAQLmxoBAIgAAIgAAHBGgABEAABEOAiAAHhwoZGIAACIAACEBCsARAAARAAAS4CEBAubGgEAiAAAiAAAcEaAAEQAAEQ4CIAAeHChkYgAAIgAAIQEKwBEAABEAABLgIQEC5saAQCIAACIAABwRoAARAAARDgIgAB4cKGRiAAAiAAAhAQrAEQAAEQAAEuAhAQLmxoBAIgAAIgAAHBGgABEAABEOAiAAHhwoZGIAACIAACEBCsARAAARAAAS4CEBAubGgEAiAAAiAAAcEaAAEQAAEQ4CIAAeHChkYgAAIgAAIQEKwBEAABEAABLgIQEC5saAQCIAACIAABwRoAARAAARDgIgAB4cKGRiAAAiAAAhAQrAEQAAEQAAEuAhAQLmxoBAIgAAIgAAHBGgABEAABEOAiAAHhwoZGIAACIAACEBCsARAAARAAAS4CEBAubGgEAiAAAiAAAcEaAAEQAAEQ4CIAAeHChkYgAAIgAAIQEKwBEAABEAABLgIQEC5saAQCIAACIAABwRoAARAAARDgIgAB4cKGRiAAAiAAAhAQrAEQAAEQAAEuAhAQLmxoBAIgAAIgAAHBGgABEAABEOAiAAHhwtYBjb787Ps9/T2Pbi/ORDpgtpgiCIAABwEICAe0IDZJnL60G4tKUVmUJDY/USovDd0wBEXX1c2FuXAQ5405gQAI8BOAgPCzC0zL1MSUsacbNefEhCSvKGpu+QaEJDCWx0RAoDUCEJDW+Pm+dXJi2pDYbsOg3Qb7ly4YuiBoGwuz4cSp87uJRDQuCJIg7q0UXTeEUl4p3Xv3RtT3k8cEQAAEWiIAAWkJn78bpyandZFeBr003dCyJBrVZsSEJB6PxSWZjrboX6Q1pDa6kNNKhd2ll0lg8AIBEOhEAhCQTrQ6zTk5MaVL5tZDEFTN0LMLMyQP9V/VdiSqppDwXA81aou/gwAIBI8ABCR4Nm04o4Gxv+4Ly+ombT4EVSXxWGwsHpWdloUkFmftmW9k7dYM1lFD6ngABIJHAB/84Nm04YySY9O6FCofXa3emjFvXTX7GhifUiKyFGqlj2bfE8+DAAh4iwAExFv2aMdoRPJ9aMz3oZLjg/weXALCBmr5UIqaqm8uXGt4BNaOyeE9QAAE2kcAAtI+1p54p8HxKS0sS1J557A+Iwg/eIF3YMOT04bMjrHIob42P4u1xAsS7UDApwTwofep4XiHTbsGY893YZDvgnv3wd5/8FxaCUflvWOs//tzQXjj+7zjQjsQAAH/EYCA+M9m3CMeHEuXwiE5zHYfuZ3i9u57L/dxd7bX0DrGUku6nl2exTFWq0DRHgR8RAAC4iNjtTrUJO0+JDpyMujIadWhIycrEFGj21gZ3MZq1URoDwK+IgAB8ZW5+Afbd+7SbjQSijHneUnRShtLc45EknePXFQSkQiOsfhNg5Yg4FsCEBDfmq65gQ9PTOsybT/ciNtIUToUlnwRx1jN2QRPg4DfCUBA/G5BG+PvOXMxF4+Fu/au7qq1UpbY6KrqI3SMRVHtFFdCebJW5xFUyMsR7UDAbwQgIH6zGMd4reu25KYQVm9dddzmA6PpYiQsR8pXg3Ebi8NEaAICviTg+JeJLykEeND9I5cL7MudTVFRdcUp38dRZKnJK3Q9mN5DMfT1peZSowQYP6YGAoEmAAEJtHnNpImUrl1yPWcV3fDS6RSL0qO4s8sJuJkwPRDwJQEIiC/NZm/QlXEfxZJauPfW9S57LZt/6tAx1u38PwnFV55pvhe0AAEQ8BMBCIifrNXkWK24D51KRO0UhcLu7VlXa3dYMSEK1cBdX0JQYZPmwuMg4DsCEBDfmczegPvHL2uUZYTlvBLoP6z2h0S3pAy6JdVS+pJ6727VGHHjqrC9WeMpEACBdhKAgLSTdhvfKzlJvg9REjTKuMu0gxzcpphQ+nbXbN735MVijKIK4Qdpo6HxViBwjARc+zI5xjnhrYnA/q0oqhglaVpOjkZ7GJiVN52/xlsJ3HpfjW5jZXAbC2sRBAJNAAISUPNWCsh6T38ktbutsCy8pbyibLx93bzW68bLzYh3N8aLPkEABPgJQED42Xm65SEBWbwmWelGDF0jP8ica36QvpFL+VgkHDODCt/K/0AovfIdT4PC4EAABLgJQEC40Xm74VEBGZ6c0mVKWNUO/4RVc0TT6BhrAUGF3l4pGB0I8BOAgPCz83TL+wRk/GJJliOsFoirjnQGZXicxIoyN+qUG2sNubE8vU4wOBBohQAEpBV6Hm57VEC6fu38aI8RX2RDZsWkdt79Xq9bw8cxlltk0S8IeIsABMRb9nBsNEcFhHW8X85W1/S1+TlXqwda76VSUGEWQYWO2RUdgYCXCEBAvGQNB8dSVUD26na0ww8yPJGm+iMy+VzcPzJzEBu6AgEQaIIABKQJWH56tPoOJK2Koiy340v90DHWWuEd4ec3z/qJH8YKAiDQmAAEpDEjXz6xf4REoejZhfJx1YmnrszRhuAyS7ue/Xglo979l6Sbk9sfg2ro2UXcxnKTNfoGgeMgAAE5DupteM9qAlLpB2nHFVsrnYpK6VSoCqJrsSdtwIm3AAEQqEIAAhLQZVHtCItNNUmFn6h8uaALdMX2TffyYpnvRT4XKnVr5uPKQEACutIwrU4mAAEJqPVrCsjEtEZf6pRY0f3CTxUCQgGFSO8e0KWGaXUwAQhIQI1fS0AGTv9FJtKVGGLTXnkzMysIP5x2C4ElICpFpGcRke4WZvQLAsdGAAJybOjdfeNaAlLpB1F1TcvOz4XcGonlh1FKura+POva+7g1fvQLAiBQnwAEJKArxI6AuF1gyhIQKqerbi5fCwcUNaYFAh1LAAISUNPv+x/o/CizeDj77vBT07osiKLblQMtAcmXSsrW8g3XUsgH1ISYFgh4ngAExPMm4huglb6dspYYa0duQCXHL+1Kctisj+5mgSlLQLbyxWL+7e/F+GaCViAAAl4lAAHxqmVaHFf9wk4vSanJnMYCCnepwNS2SwWmLAFZzWk54705syIiXiAAAsEhAAEJji0PzWRoYkoP0X1d3dCFtVuz99n5BMVoCBSj4WaBKcsPs5LJvSN89NqZgKLGtECgYwlAQAJq+sHRKS0clqRafg7LR+JmXixKnULRJu4ekwXUfJgWCPiCAATEF2ZqfpD9I5eVaCQUqi0gU4okSSG3AgrFB8/fSZ2Mf9FNgWqeClqAAAg4SQAC4iRND/WVOHV+t7s7Hq8lEP0P/+5L0Qee/Fs2ZDcKTImPP5tL9fcmICAeWhQYCgg4TAAC4jBQr3Q3PHb5ATkU+oy+wI3VWzNVExlaPgqKJ9TX9jL2OjX++KlLhd7ucBQC4hRR9AMC3iMAAfGeTZwakXhi8ooukIVzuXx+572bXUc7tgTEjWOsntHLpa5wqKUa7OKDzywOfqF3JDuPTL5OLQr0AwJOEoCAOEnTY31ZmXdLqqFuLM7cFwlOV31VWRKpwJTziRX7x6fVqMz65q9IyAQkdbJ/VKerZGvzqCfiseWF4YAA+32KV1AJ7CczrFXQ6StPf3piYPhBNv/sBhWY+tC5AlMDJCARhwSEjY8FRCqqrmy+dS0aVHthXiDgNwIQEL9ZrInxHqRTN6geR3U/yH59EMqYu+ZgxtyhsWktFBJrXiO2Mw3agSzTDuRc5bPmjia3/Ybw/ut/YKcPPAMCIOAeAQiIe2yPved9AaEzoEwNP0Jykoo+UUg6PSLQMZFj62Fo4ooWkoRWBeQdEpAnGUgmHAJtmFn0PO1GBErP4thYj91QGAAI+JQAPoQ+NZydYZOA6BSMLtLpj5CpIQ6UboRSmlCBKapQuOpghcLhcUrYKLeWsJF2IGUBIe1YuXVV7D97oRiNRc2kjDulkppbvoEMv3YWAp4BAZcIQEBcAuuFbocpnYnM0pnU2V30nE7nurpkx+M1LPFqZWdzVEAY0+T4lCHJ5VvJLE1LZrNwx/jwlUfs8ma7MraLIcE0KMUL6rTbBYfnQKAKAQhIgJfF8PiUJpOCNErbvl+3QzO0zYUZRwo/2dn9NEJfTUDEk9+ZTz4wMC7uffWznROLdbErBtaRXflYzPnbZ43mhL+DQJAIQECCZM0jc+kZmy51hcSGsRhW6nc66iJfSXVne7OYHNmBfOG776Ue6nvCOsKqHMPQCIljWKQDuvISZmKg06te7fXukYtKIhI5JJBsh1TQCne3l24+0Owc8TwIdDoBCEiAV0Do9HP3hrq6exvFYlhHXU7+Ircc+PQFbZBznuuoSKwjIJbZyNei0SkduwewJySGoNP/Es00jhUv+jt7hAkO25FpRVUNRemeGP1/Nm+quqtuLszBpxLgzwOm5jwBCIjzTD3TY99vvDgQU9R1NqCVd+4+L+z+66vVBjdIO5Uw26k46Ehvl4AcCMmUzrYjJCV1+TOxWLu78d/GJ//4O+K5Fz5MRvTHrF0MZXSh687wi3hmAWMgnicAAfG8iVoboOXf2C7ohd3bs2YVwqOvR7/54shWVl1iv+Kdqh5YcT3Y1R3I0bn0nU4XIzGRdhLWnmTvCVb6RFf17ML1+3w8yUlyzO85VXBFuLX1htadRQACEnB7WwJSUA3t3mJtB7mVF0urEzPSDCrrS1nTqSb7/OGa7Hb7sXOEZbevRs+xa8cSXTtmHwjmlL+nqP9bXL7+W43a4e8g0MkEICABt74lDAopw/rCrFxrupbQNPKX2MVl9acohr6+xJfHqp0CwuY1ND6lsNxg7CSMiQilTiluLM1V3bXZ5YDnQCDIBCAgQbYuzc1ONDpDcJBYkT/5YSVKS0Baqbl+UNPEmTHZMXV87MJOjxztMmNFyF+ikWMkuzhXU3jt9IlnQCCoBCAgQbXs3ryGKVUJ/aRmqUrq+iIGvvLtO5GBoS+yZiuf5d4WfvHa2VbQkIDo7Jf8ymrhtvDzlw/ls7LbL+0I9BBtCRrFsdjtz+5z8sjlnwyF5W+VdyJmwGLNVDB2+8RzIBBEAhCQIFq1Yk7DYxSNHqofjW49vn/sVKLjruXax12NkHU/emEnMRTtavVasBWfopMfZY3Tj9JorHX+LtKujCL5rTgTKsyVL/yd8M7NF1voE01BIFAEICCBMuf9k7Gy4tr5MreOuwz6xb3aQpqPvtG0GgvLrdUZefy5n57o7/5tNqOdws5u7varieMwFe2CKJqfXQ5m8SLtO0o7jrniPUGgWQIQkGaJ+ex5+gJU6RjIVmEnSu2u0TelZPeLsnfkIsWPhCjpLrszKwk6Re9pikBJFA2RUqgwR7RA5XS51tjQ6JQWCku2x+KmWQYnLqthKWT6QRQ6C1xHhUQ3caNvHxHg+nD7aH4dP9T+UcpgG45GWGD26ptX69o7ee7SrhQNx6vtVqhErRIlWaAagyQWZkz30UiL+1gz3wV94XJFeFvXgBv5btplYCuuhbHZUYTNneWrA+16b7wPCHiVAATEq5ZxalyP/PHHJ1IPPWznCOtLX386trs7nGc3kPIFXdm6PRthCRnLqUKqLxXWr1mrg/2HSQtLGXLkWfZ3KuFhZDOZt4Q7Pxq1M7X9BI9FteSVKoQHNeT5d1Z25o5nQMAvBCAgfrEU5zhPnXopspbYLrIvdZV+zmcbHL9Yv7RZQGG2qHySikfNm1mmRrCshmZdJ8NQqYLh5raxbnx4LXV0aJbz++g/N2tC6bqQ387vbH/wanetKZHjXyPHf8MswpxIuJtZySlZB5S3kRz7SHvCDRMNA0EAAhIIM9afxN5tIjO/IB1j9dF/bdVqYWXRJT+6sPbpxp3Uw4NfMrPhrq6+Ldz5Z1tXeytjQHKZnY8HH+z9MtvEVKapYrU8iqqhbC3NmQWiKl+piSlDlCSKwaB6Hx6rPDg0nqarxbL5uUFRqw748GCKdQlAQDpggSQnXvgVqg34uZmJlhIGUjnYmtlxrQqFDMsK+UysYxvmz8jc294xPni95s7BQnniqStmLtyVzM7bwkev7ovO8Ghak2hnUXnExYRE1TR1Y/H6fiZcS4BKmq5uLMx6LkNupT9klSoldsASwhRBoCoBLP4OWRj7O4sGRZQGz6bz4Zgcs25Q9Zy5VIrHwmErMlulhITrC9dqRmYnTl/a7e4iR3ydzL6D59IK3bAKVW5JWM4swSAfCskLy83eyg0ut03affrCalc8mkR9drdJo3+vE4CAeN1CDo2v51T69+MJ+Q32paeR/yKzUD0/1cmvXfmuogmvl3cgnz8kCD/+tCwiIRKRvaA6Ot5iX/eFfKGw897NrsohNhN3Ij7+bC7Z150gyTg0S9PfwoIHF/iSMDqErG43rA4Jiw9hD5UUQ9tYcqaSYzvGjvcAAacIQECcIumDfujoxayZUffX/ddfCqV2txUmFrkdvbjz7mzMmhorPFU+gDpYNqwv9m86GdPZzV46oTKLOzVT3XBgfFqlYBJyLLCdB6UN+eX2B8Zn3/+q15FalwXMGiNK7mfG8mvf8PqYMT4QcJIABMRJml7v65Fvf5xKDj5s3siiXUi2xi7EOuNXdENbnz/8y7rrq+l8IiFFRYnOm8xYkPuXEN1QEuiGUuDXlvTYxX8bGgj/CVPMdufr8vpSw/g6g0DgP+SdYUb7s9y/kVUnStxyYtupDcJ2D7LI8jWW9yXMe762cvcD4eMf/6r9Ufn3yb6RS2osEi5HqasUpb6Iq73+tSZG3iwBCEizxHz+fPSx51b7B7uT9c7uKaUJVegrZ6FdayEnls9R2R7+wQUFwygo+trW8twJ243xIAj4mAAExMfG4x36fop32oWsVclVRVd3KRU7hQuSs3x1ni+XFe/Y/NkufjI1+fwnViEqyv9V85q0P+eHUYNAdQIQkA5cGbHTz2/1xrt6mPuCKhVqVKnwUJ3w5AQlVZQEz0WCe9lUA6NTuXBIpBtljWuvuDUPcupv0B3ofrrYsJLXhCe3F2cybr0X+gUBRgAC0qHrwErdXs35OzSRpltRLB07cj41szyG6JYai5MsHw9qJSqHG22mfavPVuTqWicBeRwC0ipRtG9EAALSiFBA/959loo+xaJmDIdGSbIyiwcFpAYpGDDcIBgwoFhantZxRKn3n7s0G4mE0mz3A9Fv2YTooAkCEJAmYAXt0YMCUuQLyea2jI/+geXJElK/mf4jsSD/O/vfLJ1J0Obt5nzEJ87fSnbHJ5qNUk9S+V6B7gOz9PVbeul/lKWXbceUHIiWmfX4P+h69rfcnCP6BgGLAL4cOnktPPLM56lkH+XJuj+OYT+deoHSqd++1tajGL+bxMombB5lUaKvjcW5Qz6mavMbHqPyuaGDoBqW2iVjo4yvdQOM9ZnXSn+5tXDjpt/5Yfz+IQAB8Y+tXBlp/8hUKRqWwswbVlm8yRIQlYJBsgv89dFdGbQPOqV4G4PVU2dHSveU3Z8Vl1+tu6Pomrx4t0eMHLr+y9qqmpBbX5zpqTblpJkZgCo/UvQN2e6TzPysmXofLxBoFwEISLtIe/h9WIoSec/5q+gaRZ/PhfaDCSk4jvwjuJbarP1+PR1PafKueZRV47r00S4t5iQGhwpzsevUOvVi7Uikcy9cGQrrf89MxtKoUMKAJfrbWLNDxPMg0CoBCEirBAPS3vryYr96t3KFrd7uWC872rITjR4QBI5PY2DkohIh7zbrmGqbUALL+ju5ylosWU39yaAs/6EZ4b93ssWEhcTkPyVZ+r397MiavkjR7+OODx4dgoANAhAQG5A64ZHk1/7mnKgVl1lCEvaLmS0MCEjrlq9MYFnQ1ezWwvXhWr32nk3vxGNy16FU+I/96YXUQOrG0ZRjTEx0TZjPLs1Mtj5K9AACfAQgIHzcAtmK0rYXKW17pDJBIv1yNuiXM46w+C1ORbmmKbLf3hXb/csLiq5uLh0U0yKfikI+FXM3Q7tEgwTkv8gu3+QfFlqCQOsEICCtMwxUD8PjVI+cHCLWpOzUUQ8UABcmkzg1nUkkhKFyXXqN6tLXrnOSnJyiPGTSoQsNLgwJXYKAIwQgII5gDFYn1q9gNisIiDO2rSxAVW9Xd1CQC1kAnCGPXtwkAAFxk65P+z5JN4hKmkQ3iERBobOS9XkcYTlhyspUJ5pq0O22+5MuSiOXf5iMhP6Mvd9aSf2RvnztaSfeG32AgBsEICBuUA1Anz1nLua64pEEBMRZY9JNK0pUSeW4zJdgrM3fX1rYqnRYr/Sws6NCbyDARwACwsetI1oNjk5prOggiiQ5a25LRFivtMHTj4qIFSDIqgRTPRZ8Rp3Fj94cJIDF6SBMdAUCdgkMjaX1UIjKwNPrqJ9pYHS6FAmLYbsBiHbfE8+BgNMEICBOE0V/IGCTQL3jrL2rv6JaUIvZ29diNrvEYyDQVgIQkLbixpuBwGECtUQkNTFliHSbWqc4nDXE4WDZeJQABMSjhsGwOodANZ+IldEX9T06Zx34caYQED9aDWMOHAGKE9FluZywhKUpIcc6RbBfMdg/yRmlX+7cunEycJPGhHxPAALiexNiAkEhUCkibOfBXmY+MmREDoqJAzcPCEjgTIoJ+ZnAEEslQ3EilfnIcBvLzxYN9tghIMG2L2bnRwJnnr86HIlPUcChqSPwg/jRiJ0xZghIZ9gZs/Qhge5z6V8korLp+0Bteh8asAOGDAHpACNjiv4lkKLsvOQJEVZvzeCz6l8zBnbkWJSBNS0mFgQC4shfLSTD+tjqrav4rAbBoAGbAxZlwAyK6QSPANWsp3royIkVPMv6f0YQEP/bEDMIOAHxifM/Nd6/+Y2ATxPT8yEBCIgPjYYhgwAIgIAXCEBAvGAFjAEEQAAEfEgAAuJDo2HIIAACIOAFAv8P9y4iPCAFTzQAAAAASUVORK5CYII=	2026-04-01 15:14:56.686425	\N	3	\N	CUSTODIO
7	data:image/png;base64,iVBORw0KGgoAAAANSUhEUgAAAZAAAACWCAYAAADwkd5lAAAgAElEQVR4Xu2dC3Qd1Xnv98ycl946etkBEoPtQMBvSTZpbwghTZPSF/e2haysRds86oYYjC3JQF5t6bprJVxiS8bGgSb3djXNSktCFmmhCXmUhDQPimXJLwgkweZhB4N1ZFmSpfOcmfvfczSyZB/pPDTn6MyZ/4BfOjN79v7tOfs/+9vf921F8CABEiABEiCBAggoBVzDS0iABEiABEhAUED4EJAACZAACRREgAJSEDZeRAIkQAIkQAHhM0ACJEACJFAQAQpIQdh4EQmQAAmQAAWEzwAJkAAJkEBBBCggBWHjRSRAAiRAAhQQPgMkQAIkQAIFEaCAFISNF5EACZAACVBA+AyQAAmQAAkURIACUhA2XkQCJEACswk0buhZ5g+It2JQvcIUymWGov7b8H/f/0Ilc6KAVHLvsm0kQAKOEWjZ1H2lqijLFFMsM03xVqGKKwT+rihimRAKfs0+TNP85un9u252rAJlWBAFpAw7hVUiARIoMYHf6qpaktRW6KpxuRQEFTMIYSrLTWFeBnFYjp8tzVojUwzhnFdxzSv487ihiG9Ent01kPU6F59AAXFx57HqJEACuRNo3dj9QZiWGjCLqJUiYQrMHkzzEqEoK1FKOFtJmHWcxDkv49cJXP8q/v2qUMzjekqcGB7Y9WK26yvxcwpIJfYq20QCHiZQu+K2tmC49hZVNa9XhLJWCOMyRVGrsyGByem4JRCKOIHZxyumaUAk1Fc0RX/tzf4++RmPCwhQQPhIkAAJuJZAfXv3OwM+8XuqUK+DALwDg38bZhi+TA3C5wZ+/hpMUt8zMYNQMYPALORlXdNfG36m7zeuhbCIFaeALCJ8t926pbPHVNWLa23gmxnp783widtayPqWM4HWTXfdDJPT72KNYT1MSG9HXRsV/CXjYZhxrEGcwiL3CzAz/Xh8PP5I7IV9r5Zz+9xYNwqIG3utxHVWrtwWaWn0NePNbs47J1K6PjLQl/HNr8TV5e1cTqBm1ZalwVDVBzVVebeimDBBKZfg0ctogsK7CzRCjOHJPI6/HNYN8SOsR3zF5QhcU30KiGu6anEqWrW6O1ZXpQQVNf2oGJhupFL41k4dPr9QVUUV8os8FNVPmEd3v21xasq7upFA+Nqed/kM8Qeo+zshElfDBNWCdQstU1vwjOkQk2FTGL/Enz8xUvpTw4O7f+jGdldKnSkgldKTRWhH4/qeZCAgfNJMYOD1Tk+Z+pmB3tmzjMv/4lDbkrZ18kEyDVOc7t/FZ6oIfVEJRTZv3HGrUM0bNFO0oz2X49ecJiiIRRSfv4H3kufw/D09Pmk8Gn2u90QlcKikNvDLXkm96WBbqtZujdWFAkEpHnK+MTERjU48vy+jGSHcsS0Z8PktYUnphjl8gOshDnaF64rCs3NZTch/i2Kq78HTs0qoMEEJEcrYEDxbeL5GMas4ZgjlMM57KtK/62uua7RHK0wB8WjHz9vslbf3tzVVdcolD0wqxND+nVmfk+bOHsOnSbURIh6PJ84e3hsk2son0NJx5w1C89+omMomywQlzGa8dMxjghIRzC5exHPyU1MxfxDp7/tx5VOq3BZmHRgqt+ls2VwE2jb1GBgE4PBimvFkKj568IGqXGjNvO70gcnPCOOhz+dyHc9xAYFL/rq6ZWnd/zI18314T7BNUPWZvKDkehiOGETiN1jTOIo1sx9H9clHo4cfpqusC7o6nypSQPKh5YFzEa1rqFgWl+IBa5QOc5Q/12bXrtk6Xl0VqJHig2sFTBF8vnKFV0bnha6+fVl9TeAWU9Guw2vEakRqvwXVC2XqTPmcYEF7FH+8jMXvAzBFPTV06sTj4uSjcg2DR4UT4Be8wjs4n+a1bOxOaapqmR90w9AR25G3W64sA+6++F9RsB6SykeA8qkrz3WEgNK8ofu9il/8viLUTbA/XolS5zFBCfjfGUNwkkLaDuOZWML89vih3p87UhMW4koCFBBXdpvzlQ63d8X9PtXvxOyhtbPbVDXLtdccGU+eSL6w56JMpc63gCXOS6Dlo3XNy8J/AvPTe4VmbsC84XLMGOoyhfakLVDwglKUk4jdPoLJ5NOx4bOPTrz8f98kZRKYSYACwudBVK26/WxdTUjasy3TFVJQLzCq/LZPtm2q+Zxz5bGT8iEQWrvjirqg+UFEYF8HkViF9ONLkbrD8qi78MCMAh+pZ+GmfRxeUwNIUf7908/+8HEhBpL53JPnepMABcSb/X6+1cHNe9rW1d8xPdhHUgPi+AMbF4qlccP2WMCvBawZjY5UJwcWKkoLrVFFXq80tfe8H0kDfw/rVtfCrLQSSQCbYUC86AVgKmI7hYXt07AwvoDp4c9jpv4fYwf69lckGTaqJAQoICXBXL43mek5FYsno2OH99Q4VVvkzjI02EzkrCaR1BNnD+7OHAvg1A0ruZzwPQ2tVyb/FLOE34FQrENacrlnRS28nDLMKqQNypwUpnoC0wuYoIwfxUeS3zz30l65XwUPEnCMAAXEMZTuK6i5swuxG5o1wMsF7zMDfQGnWzHLtffgl39LJMeedfoelVZeuH3bWixH/ZFQjHdhMnENxGApBAOzuUxiISN1lBH8dgyxGAcQuPP90wNPf5smqEp7KsqzPRSQ8uyXoteqpaNb13zp3LoQDwPeUhmDvxZaEWXN9tdaq3xvlYOfDt/eCKPUZyFtvbbnzxRDvAcL1oitMK/Ch2Fp9svEHVIh1yWGIRRH4ST3k6Tme3J0//0HFtpHvJ4ECiVAASmUnIuva1jTFQ9WyfUJGWlumkMLXjSfH0Zze7fu86sqEjGKIa/Ghqz6WFNLVcPN0IYbsFC9DmsRl8md8TKRs0IrTGUSi+AnYKJ63kiJH0Qmhh4VL/7zsIsfO1a9AglQQCqwU+drknLF9tHWVs2KIJYDFTyuSvIMtG3aYUrBikexFnKkr6LTnDRs6ur068qNWNh+N5KNy02OlkAsMgZkWoF4pnIGUn4MpqgDSO/x9ND+3kedeCyVq7d8r6W26v3pCY1hvSwIQxU68mKODO7KOUDUibqwjMokUJLBozLRubBV1bd+vG31koenxePsuZ+IX/3Du0vRkraNPaZMCV9psxC5zzbcYK83FWMjXGaXz2+CMpP4wiGWwvyFaSg/TibNJ88e7j1YDP7NndsQFCqzk2X+isMzzoBnXFHMlsVoD8ssTwIUkPLsl6LUqnUTdhScmnlMxicnzx1+yDGPq2wVDnf26AFNUUs568lWp3w+r125tTXYGLpFU433wfx0DWYVl2JwnpMfrHXjWAQ/iTd+iIX5n5HE5NfF0YdG8rlnoefa3m/yeinYsw584+2NwfSUYUQGirP2VWjdeZ27CFBA3NVfBde2FTMApLjCy68QSQMeV3nkuCr4phdcCI8smLEU3F/Xz/SX7+6F9e13vzPgT75fNTGzMMW8+2zDLGRgUXsEgvJLzK8GE0L97sj+nfCCKv2hrL79UEtVaJ3VzzjmclpowbOA3f6kSQuZlktjwiw9Dd6xFAQoIKWgvMj3sBMkTg0qMF0szlvn9AyozDaeCq7YsrIuXPUFmNhuwMpQQ+aIbaxQCDOB39/AwPu8TEc+rhiPxPr7ji9y91q3b+lEDjJN0WBGs9a2UrqZxOZfGd2yGzf0JIMBxSfX6k/nkKq/HNrHOpQnAQpIefaLY7XCPh0pWMItW3cpPK7mq3i4Azsc+uTAJRfvT31IiH95xLGG5lkQkj7ugFD8FSZEKzDozkoaORW1fQ5fDixsq89hOP7R0P6+/5fnLUp0enBFy8Y7XpIziqk+FufiySeih/f88VwVCHd0jwV8ap1bzYklAsvb5ECAApIDJLeeMjNBojM5rhZOwg4sTCL2BGa0ki3iBtbc8Y76YOA+mHfeg1ZcNMuQfHC8gVwf3xp5+dgnReTx8YW3trglNHR0vxTUlOVTaWjgXWWaw/3Zd4NUVt3+07baqv/BGUhx+8cLpVNAKrSXZ+7NkRaPlz8qxGP/tNjNnd5vpARmLGuWIZTNcpaBds/ySEpnnMWmR7p5KKYm/36sf893F5tNPvefmTY/nUnAMlnl7B5tC/mbz2bfbTKfevFcbxGggFRif1+y5cm2y6o+YCdIHBmLDSVf3LekHJrasH7bZCjor5KDXmQsdcx48YG3O1Uva5ZRFbofrl7XYyngot3yrDgIU5wydPNbw6+99Ck3zDIuYqO9/w9bNqx5AhlorI+sl4OJxP3i+b2fzIejHZdzOpp8wTzyANKl8CCB/AlQQPJnVvZXzMw/VY5JDO3FdCey9DZ3br8bW3D/FfZQXC4ULCPP6B0rotvaWtUcjInU/3bbLOPCBy3c2RVBQH+T9WIAJZT8kIKmoNT7dh9Ek8nY2GBuWxaX/YPPCpacAAWk5MiLe8Npd13cBjmu5Ja0ee8qWNwawmNoI7L0IhihkKDCwKqt19TXBj+HWcZ74RF10YZIRjrw4Q1DF48ND/beUey2lKr8+nVdE6GgWm0HgUbjRnT8cF91ofe3XapjeMPAnvdl94wU2i5eV1oCFJDS8i7q3WAXx8CcdscxkLhwqMC306JWEoWH1mwZbaiurpf3mYhNZA1obO7o/pSiqR+Bg+py6M6shXd7LQOyMZBMJf5u9OCep4pd/1KX37hm22igyg+TXDowcGhAu1sY939hIfWYjslJGPqZg+X3krGQtvHa0hGggJSOdVHvNHNRFZYNESnzALHzqU0gdBd4DgWu3rG6vk6/TxXqdYA2x1qGcsowxDeHT419Srz+pcmiwl3EwsOd23/jV7W3TG/4NRH/nHj+wc8utEq2gIxHldHJI19oXGh5vN6bBCggFdDvdR09iSpNyP3MYe53R3BYU8d2w+/zKUjzIU4jQ29ze8+nsTD8UaEa2KtbzTDLMGOGovQnE4m/r8RZRqbHsG791l9XBQIrZb/KqPHIePQ75gtf/AMnHtkl1+6wFojoheUETe+WQQFxed9f5K57Mvo98foXbyz3Zvmv/MQzTeGad85VT7mWgYHzdcNQHo0c2NlV7u1xun71G7r6Q361w555TCaNH5072IfdCBd+hNdvOxcI+mvc8rKx8BazhGIRoIAUi2yJyrVNEdLjqNQJEvNtYvPGns9i/8O/xO56V1y8liE31hNRvGkPJJOpe70yy8jEUGm/84ctPv8NMumhnHnEEomXxg/tdczdubFzux7EbmKmgdlqP+NA8n2Oef55AhQQFz8N9jqCFI9kSk+ODO52fEvaheAJXPXptfV10fuwAH4d/E5rL8wxJes9y+zmu+ddrWuTD5lCXYrNlMZhsjptJhO/HhWJZ43DDz+4kLq45VptdddXm6vVW21vq5iZfBPux0udrH8znC2wGeW0+dDJslmWtwhQQFza3/bMQ1Y/hbTcw2WSlrupc8ff+VTlL7Bz0bJMswzTVFIy/A2/ZBS4ovo1a1c+W0zm6460x9VUenL5h/302n+3M5dbezThROm1hI06rL8jWFsYStw09QmkJT6jJ82TE6b5nPGrwHdF7P6y8NxSr77j/7TUhRDXkuaRNMT4yIFdlreak8eMbLxF343SyXqzrPIjQAEpvz7JWqNZ2XWxVhDJIf9R1kILPMG/6p51DVWJz881y5hZrBSAOfY3KvDuzl02FXQ4VaA1gqelClMn64AKWYIlpU/+L38MI5CpKzrC+pLY9yMqZ02mnjoFs9OxUSX2rHHoS/tyruHqT9zVVl19vz0j0xN6dPhQ4XEe8913OpATFY307yooEDHndvHEiiZAAXFZ9zZ3duk+TbO+9IuVTRWzjHvhP7UVY2qTvTlRPhjTg7WcFhjWmKwoaroth+MPiviDW+csa8WH/6daVf2eplBotWKIS4VmNmEUD+H8IKYbGn4Gz19DFiwLTT/bctyfOVuZLjytBnPt2JdPe+Y7N9OsyZp/QYLiuv7E+MHdN4l1m1e1Beufs+oi92tJYb+Wwd6ibTlrz14TuqljhsMgQqc624PlUEBc1Onh9u6E36fCXbc04tHUvvU7qhb8bQxqddhLcCph+PmxeU50GASxPosj/TsOPWWaZ/Wk9sOxQztvufA6e0BbzG1W1avu+mxdjVivmKkVqk9phrmrVtGMEGYeGlRGw4iPRQPU3FrZln/OFia5D0f6OL8DYC7iZM987HNTCOwbLnJg33QMSFwfnTzUxxgQF40B5VZVCki59cgc9Qmt6hqvr9GwEC3t+kIMnYg/LU7tvWGh1Q9v6P6Z6jfWqqYm02JgeEy/rmcb/Ga+WUtPIbmHEa6N6Anj30cOP3BbPvWy06+UxK101eZv1gWqbvIjZF/FDlLykHWdnq5YEiCXT6QHFEjrln1KHx38h8uFmHw9n3bJc7W3bf7zhqZaeFRpK4XfeIupG2HcuUkCvnD2ZuV6nJqdxBLGU+eO9P1uvvfLfv691UuuPTchz2MMSHZaPGN+AhQQNzwhyzf3trXUd9n28YlofGLi6F5r8TnXo+ma7nu1avUzpmrCfzNt18kmEjPLTieyNVO48vVI1PiKcXT33+Z672znNW7oigcDmuVBNjR+7jXjFw8vy3bNnJ/7un+nfk3qSb8GiZAqgP1mEZhoyYIlFAtYhJnaaMoyt2GGAhgQluH40+bLXyxooJepZ9Iilrk1U8wFTF3HxgYeWFkwkxkXNqy+MxqqCYQWy/zpRBtYRvkQoICUT1/MWZOZb+gxuOuODfbl5K6LbU4fweB5MxZ78badX1dbgyTiMvAS3p8U+t+c7X/gv4qJyjarwKEs66ZIjeu2xoVf82lywmQdU7Mma+Y0fy3Tg3La4DQlCDIjuonki9OHqklxRW5f/GevnM8nPNaswSoVqzq6VFnDTEX1iXPP753Tg6qpozsFc6QVca9j8/LIgT4N0fgnYSy7RFrHrFtPHUlMhc7073Jk860miBYy+qKG3A+9mM+zV8rOb1TxCpUyaufM7LqJJBY9B+df9ISL5n50qoxgvkgz7MXred54Zfz3b2C8+Rfkp8prf4mFIkM7DalyiEAXuPdFz2VzR5cB3wHb4jTn7WYu0MtJB9qDoVLu1WcaZ4f1/zJfebCgaG5lzccPNQVDq7FWr6pyHmNBnH8WN10XROzBfVn6DJiRwV2aclXPd1obxI2yDOS8FPCEuri913T9o69O+4hs6JCR3GP0P7BtoYzl9dOZkFGnof0Xc3biHizDOwQoIGXc1zPddWVqjwuTDtpVb+3oOiY0dbn8dya7uvy5vf47s7npAU5FIkLjv89EY59NHd33zGLhaOjoSYV8ijaXaaW1E+Yee+Nva/aQ/k1uEoVh3MTasz6+SIGU4c7uJORB6ps1c0mvIWUmac+A5ARjPjNS88YdcZ8qAk6vC7Vt6oZNT4VXg25GBvrowrtYD3yF3JcCUqYdiWjhFKKFLbNFpn0zWjfuOC0Uo1WOVHgjzrkV8k0cL8Inha5+IzKw866cLyz2iSvvvWxJ87kT8janX48/b57Yu3rmLS8UEMuRYH95p+FoXNsVVwOKT+6lO2ULk3ax6WbFE6nU2YO7M7rrtmKghwlN9j1eHJyL1bBNhWOpxER0YE9e62jFfgRYvvsI5D7yuK9trq1x45queKAaQ4/lCTRlq17xkfe2Njd9C++t9dbacDZj/1Tr7VkGxttnR6KTn1nMWUa2DpmOT8hgqmvZ2DW14Jx+ZPECjd34nBtYs9XNic/xUpDES8F03IWcXcCEZQ6b47Vi4HxKejtSXN4zmTIjZwZ2tTpx/6b1XUk/kmA5Patxom4sw50EKCBl1m+hK7aP1rdq1h4Y1gAjjCRmGP58FsGx8I0ktuZJmFX+tdRrGQvBaUdIZ3zrfsdtP2irr3mfLZznxvXYxC/6qhZyv1Jeq11z++PNtaE/stc95MK/nGHIIy0kKeweuds3K0UN1KXQLWsztc1e/6AHVil7vrLvRQEpp/5t3by+7YqGgzlOLs7X3IodMJPILPXTcp9lzIdbLpT7YPDJNMDNTACom3Kwddc2rOc96RBxP7XZV+OG7cmA3BRl6ltoreZMvThg5pGAw0TQycfTFugUIjaHD3D9w0m2Xi2LAlIGPd+8fsdjit+4CbOMuYMCLqhneulYJHSh/DzSv/OGMmjGgqtw3sRyfpC1Cu28bUObWjsoB1okQTSkJ9OCb1bCApB+xkD6GUsY43rsyOjAvnUzbz9zK2L5c4zvZqQI5jl7dhOPm6mzh3YVLVVKCdHyVotMgAKySB3Q1N51CG6r6xCVnDV2wa5iOlJZmUSswZPDgzv/bJGqXszbNmCQOyvfwkeisTOJIw82y5vZLr5uNL00rt8RDwaFFbeTSBjGyMHeWeJXs7ZroCaktl+4puV0W2vXbHujptq/RLrjvVnmzgfFfMBYtrMEKCDO8py3tOZNXa8gMFqmOc99ERzuRki9NGbq4qvDg7vuKGF1F+VW0wGFKRMp6tMzjenF9ZRujAz0uWb2oa37xCPNwZoPWulnMrhhN23sOuNT1HDabGWK4Yno18NVVTdjsmItjswVE1NIxyBwEVsIM4CwEHa8Zm4CFJAiPx3NHd3DcMZtyt9zSgwndWMnBsz7ilzFsip+eq+KqQG3paNbx+Z5qtNv5KVo9LRTQIao75bOHh2TT8tkKT3thiNjPcbxL/fKeiEGREcMiCUicwUa5lt/e/OxTC7h+ZbF80nAJkABcfhZ0JbdcWO4JfANmKdqraiyHAnL7UVlfEbC1D49duD+rzpcLdcUZ68H2O7Lbh34piO+YTOKnIs9az6/b3r/d9skl55lwE07QyS6FBh7JiJzOp7OcE4+nTo9s0ti87HB2Wa0fMrhuSQwk0COwxuhzUdAe8fdf9lYm/oSklwEchWMmeWl366NDwjR932vk25ADEyoWpuOwG7btENmQxTJuJ46c6jPFQu/6vKP7Wppaey2XHaxuUdkcHfa7Kbdc0trR/LrtvuunsJmYAO9c0aDI5cZRATzFCk0C8hdFbh887+HlzT8sSxn5M3RxxOvfPkmrz9nbL8zBCggBXJs6LjrCz5V34YoY/9U/oqsJVlBfUh7ntJTr/l8/uVyYJQ/GxmLDSVf3NeWtQCPnGCLhgFvJBWA3Wa+yhRvEW7vegJrEH9or3cgHUAcnlZyM6x5j5kiUiiHZsxm4B3tSjNgNj78fHEJUEDy4N+8secpvA5ej4FfZqfI6cq0u62SgGvmT+B++j55kW1OkBlcoxNmfPy53qwDSU43q5CTZmYfTi9AO5vOo5iYZs4+kggOPNO/29fU0XMWA3iD/cKQTIiXRg7tenuu9Whq79b9SKFrzUTmMHnNV5ad/0omsTmdIVFlrvXgeSRwIYHcRkEPc2ve2PUC9s+4SljbD+UGwna3xbrGt5FvatYOfOffTuUCqZ5CQJcrzDK5tdyZs9o6kfAvvWuvdURjRnLscG9OKeydqUHhpdgJMO2BvhmDvwZXK2uxHIP/cGziPuPow5/K9w4IstQRZJn3Vsa1G+5M1gQCVvoUbmGbL3Wen41AjkNitmIq6/OWTT2nMN9fml4Ezw2RXOjM5m470xyhw8UqMugel9RS9nBLe5cu94OS9yzUbFPK+tr3Ujds/2KL3/cJ+cjEdSOON4OAnUEY2WUWnD69pX27rk7tk5XrwrrthJDr+YvBjfd0L4HcRkf3ti+nmmtrPn5TU6gWnk9mnbXAmSOV9EzDHMJaaG82d9twJxLZadhtWyZIdJFJJieADp+krNky2lZdbW3G5CZWdsZg+VzIbdNh57TIYNHLHHYodXpj53Y9kE4cn3VhHZ5c2ENFBpkIMRFNDJ07uofrbA4/q14vLsehsvIwNa7r+lu/X/s0dusL5pWoUOZDN8XrCZG4Z6x/79dyIVOztjuGaOOgbQO3cyHlcq1Xz7HXQeB1inWE3ukMtuXKQ12/bV9LwL9l5oRVrnHpSSM+PNjn6BpXuKMrhZcRax1uLu8s5eotA611VVaEu3RGGCpCapRy7QvWq3QEPCUg4c4d/6opxs1IOTVja6LssGF9gGbovx4ZC30s9cvP/yz7FefPUC796Cstl4at6HM3mWPyaWMxzrUDCrGdKwRk/l0Yi3H/fMpErisd3raz8pjJt4yInvyaMbjn1nzKyvXcpo3bU9h/a0pEZpvHwu09Sb9PIEkjn7lcefK8wghUvIDAg6Uf+U47rN1Hc1wFn9rjOoU3yMNjpxO3Jl558MXC8N6rtm0a1+03xcjriWPmyb0rCyvLW1ch9YYOt1fVDQIyc9th+ewYSMNSioSPDe1dqaDM0ig91aQ5FaIFGZu1bpfLNsjeerLYWicJVKSAtHXseNVUzbfJL1bOi+B2dltdTLvbLhT0tLsuyp6MxaLnjuyrXmiZXrleXbv9pdYq3wp3CAh2D4SXrVwoHz6rfsX41c4Pl6qfLkwJL++b3jYXc+aE6Zrgy1Lx4n2cJVARAuK7bOv1jUv9j2H9O++cUzK7Lb5qj0f6+z7kJFoEbyGFdzoIDsHIqZFBuuvmy1cKMKaBZW/Ckq67OkbsMwcWJ0WI75ruow01YpW0oUHDzEhq4mFx6OEt+fLm+SSQLwHXCoi6tmtLU0jZiRiNqrxyTqU9ZEZNXf/n4YHdd+YLLJfzkc8pJff2kOciGR42P+plrEcu4C44R5qGUrrQsbFS2S+iF9A8XkICrifgKgGp77zzoaDi/xgqnU4fkkPt03uCy8VEY8jUlc/DNt1XzF5r6uhKIN5LLmAqcEE1kCjPNenHi8mlkLJl8JwBWyQFpBB6vIYEik8ghyG4+JWY7w6+dbd9IBys/rYQeXpOSXdbYZxMxMTdY0f6HilFK+rWbZusCvqrptJvZMyyWop6VMo9lJq/fjx8Ze3vnzlY/m68lcKc7SCBfAiUrYBYwhGoeQIv8v5cZhqy0VIxDEU/dnY09JF83W3zgZbx3Ld96KW2pZeusD1ihqb2vV5wuV4vYPnW/xTH91o5xHiQAAmUF4GyExDf5dmjoWUAAAQkSURBVJuvD7fV/UARalbhmHa3NcTAWCT+4cLdbXPrFNurar6zrcAufTwgBr6UzK1UnkUCJEAC7iRQNgLif+vHOxuW1P4Mu/cFZJqGuY50dlvkhXPQ3TbXrssmIFI8IpOJN83n9i7NtUyeRwIkQAJuJbD4ArLiz1e3Ni/5OZa56y6M2UjnmpJL4EoC1qkTyMjw2MiBvrvdCpv1JgESIIFKIrB4AmIJR+szEIdaO+WCJRamGdeF+HVKTe0b3b/n4UqCzbaQAAmQQCURKL2AVN9xScs1of9AEsM1KgK0kaj0yFjC+JvUc7ufriSwbAsJkAAJVDqB0gtIpRNl+0iABEjAIwQoIB7paDaTBEiABJwmQAFxmijLIwESIAGPEKCAeKSj2UwSIAEScJoABcRpoiyPBEiABDxCgALikY5mM0mABEjAaQIUEKeJsjwSIAES8AgBCohHOprNJAESIAGnCVBAnCbK8kiABEjAIwQoIB7paDaTBEiABJwmQAFxmijLIwESIAGPEKCAeKSj2UwSIAEScJoABcRpoiyPBEiABDxCgALikY5mM0mABEjAaQIUEKeJsjwSIAES8AgBCohHOprNJAESIAGnCVBAnCbK8kiABEjAIwQoIB7paDaTBEiABJwmQAFxmijLIwESIAGPEKCAeKSj2UwSIAEScJoABcRpoiyPBEiABDxCgALikY5mM0mABEjAaQIUEKeJsjwSIAES8AgBCohHOprNJAESIAGnCVBAnCbK8kiABEjAIwQoIB7paDaTBEiABJwmQAFxmijLIwESIAGPEKCAeKSj2UwSIAEScJoABcRpoiyPBEiABDxCgALikY5mM0mABEjAaQIUEKeJsjwSIAES8AgBCohHOprNJAESIAGnCVBAnCbK8kiABEjAIwQoIB7paDaTBEiABJwmQAFxmijLIwESIAGPEKCAeKSj2UwSIAEScJoABcRpoiyPBEiABDxCgALikY5mM0mABEjAaQIUEKeJsjwSIAES8AgBCohHOprNJAESIAGnCVBAnCbK8kiABEjAIwQoIB7paDaTBEiABJwmQAFxmijLIwESIAGPEKCAeKSj2UwSIAEScJoABcRpoiyPBEiABDxCgALikY5mM0mABEjAaQIUEKeJsjwSIAES8AgBCohHOprNJAESIAGnCVBAnCbK8kiABEjAIwQoIB7paDaTBEiABJwmQAFxmijLIwESIAGPEKCAeKSj2UwSIAEScJoABcRpoiyPBEiABDxCgALikY5mM0mABEjAaQIUEKeJsjwSIAES8AgBCohHOprNJAESIAGnCVBAnCbK8kiABEjAIwQoIB7paDaTBEiABJwmQAFxmijLIwESIAGPEKCAeKSj2UwSIAEScJoABcRpoiyPBEiABDxCgALikY5mM0mABEjAaQL/H6yiGGmlq8vFAAAAAElFTkSuQmCC	2026-04-01 16:47:24.875868	\N	4	\N	TECNICO
8	data:image/png;base64,iVBORw0KGgoAAAANSUhEUgAAAZAAAACWCAYAAADwkd5lAAAVXUlEQVR4Xu3df3Ac5X3H8f1xd7IsybKkOzmhLpAOJE7sxJYt2W0IU9rQDEk7bQMzbTptJmEIUAjxj5NICZM2maFNO7FkiUBSBmja9I/2DzNtp+00/ZGE1oUJ1i8bG2igaQOUTsDSyZJlWdLd7W6/z57WkkHFd490d7t3b3WGaWCfvWdf+9x+bvf5sabBHwIIIIAAAhoCpkYZiiCAAAIIIGAQIDQCBBBAAAEtAQJEi41CCCCAAAIECG0AAQQQQEBLgADRYqMQAggggAABQhtAAAEEENASIEC02CiEAAIIIECA0AYQQAABBLQECBAtNgohgAACCBAgtAEEEEAAAS0BAkSLjUIIIIAAAgQIbQABBBBAQEuAANFioxACCCCAAAFCG0AAAQQQ0BIgQLTYKIQAAgggQIDQBhBAAAEEtAQIEC02CiGAAAIIECC0AQQQQAABLQECRIuNQggggAACBAhtAAEEEEBAS4AA0WKjEAIIIIAAAUIbQAABBBDQEiBAtNgohAACCCBAgNAGEEAAAQS0BAgQLTYKIYAAAggQILQBBBBAAAEtAQJEi41CCCCAAAIECG0AAQQQQEBLgADRYqMQAggggAABQhtAAAEEENASIEC02CiEAAIIIECA0AYQQAABBLQECBAtNgohgAACCBAgtAEEEEAAAS0BAkSLjUIIIIAAAgQIbQABBBBAQEuAANFioxACCCCAAAFCG0AAAQQQ0BIgQLTYKIQAAgggQIDQBhBAAAEEtAQIEC02CiGAAAIIECC0AQQQQAABLQECRIuNQggggAACBAhtAAEEEEBAS4AA0WKjEAIIIIAAAUIbQAABBBDQEiBAtNgohAACCCBAgNAGEEAAAQS0BAgQLTYKIYAAAggQILQBBBBAAAEtAQJEi41CCCCAAAIECG0AAQSqLtC5r+8DZ473n6p6RahASQIESElcbIwAAust0Lm37+OmafyVZxi/JyHywHrvn/2VT4AAKZ8te0YAgSIEkt3pQdu2Drqe99TE8MD1RRRhk5AIECAhORFUo74Ekl3pk2bM3LnaUcsvcc9w5R+Wt7iw6L0wd2pwTy3rpHp6/9eyzCs8z3vjzPDAO2r5WGvt2AiQWjujHE/oBTr29C3YttEgj22K+pMLq3FmLH6z4fzRXxdVIGIbpfb1epZhGk7ee3xybOD2iFW/rqtbZBOuayMOHoF1E0j2HHJty/a/d/LIRt1rvOVP/SvrYrp4hin/v+t6xsTIQM19X+Xx1V/I46vf8ENyuPaOb90aTkh3VHMNMqTOVAsBo60nPZ2wrFY/PBzPmxgdsC7H0tGTzsYsK662y+c9NzM2YF+uTJT+u4y+mpeL0AYJkB9KgFwbpbpTV0PuG/krq8AWuT335Hn2mRr89VhWuBrb+eYdfX+e2Oh9Ut1NOJIekyODlw2PgCDZ0+vZlmmoX+nzeXNkdrx/by3wxLoP3tBm20+qx1cL2eyNMye+9t1aOK56OgYCpIxn29z92e91xht/Tj2pODPcj3UZrcO+65TcSVhyJ6H7qKZzb6+nwke3fBh9Ont6M6Zltruu60yMHImFsY7U6e0FuKiVsYWY2w6e7myN7fDkQfeZ4zzfLSN16Hed7Ombti2jVfV7yFDVkr93LTvSTzU2mdeZ8ms953ozUyMDm0N/0JepYBCK+ZzxcGa8/3NRP556rH/JDbkekXSP2dxzzwudsQ3v5Q5EV7B2yrV19/53wjbf5UlnuO7jTBnu6slwVyOfc53MeLR/sXf2pH9kWtbVa/GondYR3SMhQMp47giQMuJGbNcdu/r+KdZgfET3DkQdbmpv2rNMSzrgHemAL74PJYRUMbn7yMojOdNx3H+bHD1yQwjrSJWKECBAikDS3YQA0ZWrvXLWts/3plrd/rXcjSZ70tKZLgEiP9snho8U3QkfNs1kd+8ztm3uk/4cT0ZeRfY4wuZajfoQIGVUN3cder6zwX4ffSBlRI7Qrrfs6/NnfbxxXG9AhYzGkjkk8qtdHoNNRnhUX9D3IX3nL06MDG6L0Cmkqm8SIEDK2CTM9x94rnNjfHstjZwpI1fN7zq4cGbmFv4w/9zD95d6wDLpzpVJd2ZUJxXG3nPfTW2bct9W/Th8J0o9++HcngAp43kxdxw43dkU38GXpYzIEdr1yqG4WcN6cnr48M+XUv3k7l7HjpvWWvpRSvm89dy2ffeBv4zFYp8IhiK7jnFKli1ZdS2w9fxc9lVeAQKkjL7mtv0nO1sTOwmQ9Uc2t99zrGNDw4cMS02PUINb1aogaojskdC26Y7udE5uIGKqvurPdVxj6o3ZX3H+57G/LUYo2X1I1tCyG6LWnpL7en9sG6a/SKLqA8pn80NTJ4cOFXPMbBNugdB+2cLNVmTtrPu/2tmdvVddL6L4q7HIo6z8Zu/71IOdzcn9wYU4qIB0Loc6QFQ9YzvSX2hvNL8iE+j8aqswcFx3PjM6uPFykG27el9ONJhXRSlAUnt7Hem28TvK5dGbN3F2ttv44aPjlztW/ns0BAiQMp8nWbbbsWUBpMIvTseV4Zc1tZZRmflW3X1nT5+nLknqQqr+zzRkMQw/pMMfIMEByYX1JanytUEIquVusnnnu9MnBm/8/0ytroNfSSViX4jCoIyWrnS6MWYOBEEpHf8z0vEf+cmP1WjvYf5MAqQCZydYgVV98Z2sk8+cGPIXx+OvdAG58MpciEKzXcjmHMvzsvGGeGNhhrbrTY1Ea3irzO3ISYjECg/h1K90CcGpsx82/utPv7eazlpHcpUuXnqJ5L70cXmyuLfQ36GC3vm2jLb6WOl7okTYBQiQCp2h5QufLIg3nz977tSD7RX66Jr5mBWLCspMCM+dlPWTpGPaVZ0gUZ5TEN9+z92bNya+rp70qGxUF125m5qT42t+88kLOuIvzHkjs88NhG5RRbk7nJMs3Fg4DomOfO6WzPjXavI9JjXzxVrDgRAga8ArtWinrMyrfmnKMH55Vt/cYhhfPl/qPup1+2AIqzr+4E5DlsOQR1mW/yhrwnW+440O/UKUfZJ7+k6atrczuMNS/Wb5fP4fz44/+NHguC6uH5XNz8idbFUfCbW9N32X1WT8joTFVsuwbGnc8h6TpZq6XvaNkYGGKJ8P6n55AQLk8kbrtsWGrbc/vemKTR8Mbu1Zobc4WgkPR+Y/+P1I0o3kydIXVqq715X3MvntN+fmnKmRB2tmNdeO7kNZOdz4xdFaqm/nRGxfx07n+zG70CE9d8EYP3+6v2Kvug3CQlYUvsL0jLh64rbaGxX9QQGe90Jm5Mj24s4uW0VZgACp8Nlr6zown0jEN6iPjfJjl0qxLQ19lahYnoEtS3rkZTisXEjVv3Md9SirUvWp1OfEd991a1us8ZtLA5j8u6wgUGQpLAnR8i0BYm+/+/a2pob7ZHDCT8rxxtVd86phodqw3E4XnlYZFwzTGZs4lbvdWPz6S5Vy4nOqK0CAVME/JfMBLNvyL3ryrNuRuQs1dwFcD9b2PekL8ot7w8o+DhUealjoUqDIi5nKdyFdj2NY6z46evqetk3vZ/zJLmX40WF3ff6TbZbzJenGv1JiQMJCxfJbLwuqX8Z//6761WMac07efGbqP2ZuNeYff22tx0j56AoQIFU6d53ybmxTnsEU5gHkncxo7TyCWQ/Spp79rzeZ8S0r3we+eVdvriFhxtRP3qgu56FjI4MHnMId1/Kf3IQYkyfsfUbuq8PF7tMPC9v9kmkbV8ovF3lEtnpY+FEhdxaetE6xPu841vGp0f5I9y8Va8R2pQkQIKV5revWQYfo0i9LI+94ztQYdyPmtr6nUy3eB9UcgmD12jaZTxOXZTwuBoo7mzDGHs2t6wkJ4c427/nsUwm78Tp1sZfuH9VPLeMG3v5rq36UrHxbdeHx19uEhbqxUEM7PGNWwuL7U+P9N4WQgiqFUIAAqfJJWTmvIQgS6Sh2M2P1O+EwMPFHV826x5NN5j555OefKf8FRItz3zJOPfLpKp+6inz8xZVrV7zJsG1337GY7V7vzx255Bu8el9FUNHCnAy/z8J1TW9WLI/JDPhfrsiB8CE1KUCAhOC0tu68+3xDorGpMLKlcErUl12NOMqMHVEz1/0n0PXwJ+/JlqG5hdVac3JHFrdN1YHuH7q/FMbIQF14tHT1vdwY964KRuwtLCyOnTv1UHcxbcDeddevtniJLts0rvFi5laZ1Nfh2eZrmeEj3FkUA8g2RQsQIEVTlX/DTdt6X25oMa5UawOuDBK5bkpn8aMpw5jNlL8W1fsEedGQDNddWjdJIjN4UqPCJJ838lPjA3Uxg79dhi3HpM8jWLk2L2tlTRWxVlb1zhyfXK8CBEgYz/w7730itdW9WaVIMCBGXUT9IBmf+XXD+ZOjYaz2Wuq0sftz081WQ+ubBwD5neX/afyZMT1w61r2H42yTVtSe+98vTBstnAXNjO/+Oji6YfvjEb9qWW9CRAgoT7jH7ils+fGo2rB8mB2sr98oFxVJz1Pzbz+SKirX2Tl7E23/WLHts1/txyXhYK1OsdjNZbWroNPNsTtn10asizHbniZ5paE8a9fzhfJyGYIVFyAAKk4ud4HJvf0OtIbcHEATqFD1DVmsvYr2WcPX62313CUCta4Cmrjz0qby547//xDreGoYXlr0b77UC4Ws+U9IYVO7kXHys6MHWYZkPKys/d1ECBA1gGxkrtI7jmUt+StQsuPtgoXnfkL0bvgNu/YP9XYGG9bOSxVDVWt9cmBK9tLSt5zLscfTBI0MjPW3zgvHv54JdsUn4WArgABoitX5XLJnQdyViIWC963oKqj+gty2Wx2+tmHQv3rdXPXwVw8bks/8XLzUyGYzRr56ZP10VFuvf+ORzo2tNwZhGewxleVmxUfj0BJAgRISVzh23jzroOLcjGWV1atOJUSJIuOk5seH0qEp8bbEx09H52Xuff+6KKVf1F6w956eLZ3H5yzLXujClDVp5WXN41NjQyxnM164LKPigoQIBXlLt+HyVyS2YaGRv/9EcEIHv8lS/7s9oGqXZzMq277++SW1o8VRiYvz3FRSypdmJqbbk42twWzzcunE549yyMrZ2mYtv8Ok8Wcc2zmxNAN4akhNUGgeAECpHirSGy5aVv6Rw2bzKtWTCUpTEqUVRszo/4kvIr8NW4/MN/cFNuwciVX9X4LTy3HPrd4k/GDb/yzdc0d30x1bLq1Hu5AWvccmkrYZluwpJW/ltXwAN+/irRGPqRcAjTgcslWe7/v7D2a2mrccumkRLmAe6Y7MdJftiBp7zmYjxlqOuCl/Rs518ifHb20f2M5QAyjlt+NsnKUmT+fJ++4k+NDZTsH1W56fH79CBAgNX+uP/zuzu5dPzDU21IvPkJSc0kMb2J0nWa3N/7m1tSOzleXVln3RdWFUq2/sjDvzs6eHty0GnOt34G075YZ5bFgjJVaul/6pnLuyXMnBrtqvtlxgHUhQIDUxWkuHKS8xc+R9UFWzCXxpyXK1V6/GcjbyGXPhZnTQXCoNatksb9fe/340BNvx2td85nHUh2bP1Nrj7Cae/a/1GjGr704+VMtxeI67tQodx119HWri0PVv3LUBU9tHqSsOZWXFLk4l2Q9jrKw+KHhnP2pV1uMo0fni9nncoDUziMseVwl8zrU6ulBoLrGmTHrDsPpf6wYE7ZBIEoCBEiUztY617Vd5pLEGmLqWbx2O1D3L7kFmXty6iH/Nb2l/NVSgLTvlr6fmJrguXwntpgzp2dO9LeVYsK2CERJQPvCEaWDpK7hFJAAeVweYd0W5UdY5q57/yWZcG4MRlcV3jDpeZnRI5e8QTCcZ4BaIbA2AQJkbX6UXovA9ru+uKW56QG1C3XhXVh0L5x7drBpLbusZNmO7rRbuOdYel+JGpq7YH7HO8XrXyt5Hvis6gkQINWz55NFoH1Pei5mm42FVWgLr1adGA73S7TkfR3nZB2W5mBYm5oQKHcd8l77I3XxvhIaLgKBAAFCW6i+QOwT1ye7fuKYmjqyNIveyzruq9Njg1dXv3IravCeT30x1drxgAxX9u85/DkdMhx68tlXf9rIHR0OVV2pDAIVECBAKoDMRxQnII+EcrY/OkzdjcjFWc1aHxsMRV9CR0+fI6+Ivbj+o7rryDnOK2fHht5V3NGxFQK1J0CA1N45jfYRvfvTf5Da3H7/ik5pby7r/MPcyaFfqsaBtfekX5MXdVyx/LhKloWRd8xmxv3HbPwhUNcCBEhdn/7wHnyyJ52Xn/tq5V5/0UEZ2OROjhyp3KKQdu/NqS7vCTXtMnjRk5pJPnku87vGi9/6/fDKUTMEKidAgFTOmk8qUcDc2ffvyQbvQ8FzI3UBnxi10oZ7eLDEXRnG9t++ryWx8bcsz7rSMPONcVmtyyuMnir0aBS+CZd8H4Ip+/5ilDnnQuZEdEaIlexDAQQ0BAgQDTSKVFYg2XPIlUda/lOkQse13JDIeC3pHClc+dV/8kdwLS2r4v9r9b/UAFv555veP1Js7f3Pkt3U0xsSi7VhOwTe8osLEgTCKrBxZ9+Pmxu8d+iGgTquwgKPhVDx/3fwT1kLzF8OTOWSWnVSVpp0ZOuz89lnvOe/cV1YTagXAtUW4A6k2meAzy9JQL1DXD1qWlowZGkdyML9h+v4C0N6jiVja72YIw+eLhhe9pWZkxsfkcdef1zSB7ExAghcVoAAuSwRGyCAAAIIrCZAgNAuEEAAAQS0BAgQLTYKIYAAAggQILQBBBBAAAEtAQJEi41CCCCAAAIECG0AAQQQQEBLgADRYqMQAggggAABQhtAAAEEENASIEC02CiEAAIIIECA0AYQQAABBLQECBAtNgohgAACCBAgtAEEEEAAAS0BAkSLjUIIIIAAAgQIbQABBBBAQEuAANFioxACCCCAAAFCG0AAAQQQ0BIgQLTYKIQAAgggQIDQBhBAAAEEtAQIEC02CiGAAAIIECC0AQQQQAABLQECRIuNQggggAACBAhtAAEEEEBAS4AA0WKjEAIIIIAAAUIbQAABBBDQEiBAtNgohAACCCBAgNAGEEAAAQS0BAgQLTYKIYAAAggQILQBBBBAAAEtAQJEi41CCCCAAAIECG0AAQQQQEBLgADRYqMQAggggAABQhtAAAEEENASIEC02CiEAAIIIECA0AYQQAABBLQECBAtNgohgAACCBAgtAEEEEAAAS0BAkSLjUIIIIAAAgQIbQABBBBAQEuAANFioxACCCCAAAFCG0AAAQQQ0BIgQLTYKIQAAgggQIDQBhBAAAEEtAQIEC02CiGAAAIIECC0AQQQQAABLYH/AzUCzvEwM5S7AAAAAElFTkSuQmCC	2026-04-01 16:47:24.886956	\N	4	\N	CUSTODIO
9	iVBORw0KGgoAAAANSUhEUgAAAOUAAABUCAYAAAB9X/DGAAAABHNCSVQICAgIfAhkiAAAB0RJREFUeJztnWtyozoQhZtbsy/kykqyg+wAvLApxIqyBM2PpLltGfHQG3G+Ktc8nGAMOuqnRGeMMQQAqIb/Sp8AAIDo6+uL/v79S0REf0qfDAB35/F4kNaavr+/6ePjA5YSgFJoranrOtJak1KKPj8/iWApASiD1poejwcRESmlaJqm5T1YSgAy83w+F0GO4/giSCptKbXWNM8z9X1PSqmSpwJAFp7PJ43jSEQ/ghyG4e1nsouShai1Jq318v+2CQegNTihQ+QWJOUWpfSj6VeISqlFoBzwAtAaUpDTNG2Pc5OJcRwNERkiMkopM03T8t40TYaIzDiOuU4HgCzw2F4b9y6yiFIptZyYS3j8PgCtYAvyKMlVIAW5NUtAlKAlpGd41gNMqgIW5BGzDVGCVggRpDHGJEv0cGCLrCq4E6cSOg6SNA9AkOBucGVBjnvfSkJ0S+kjSFmvBOBqbLXM+RDVUj6fzxfTfZR5nomIlk4HAK7CXsucD9FEKduH4LKCO3CkZc6L2NmmI8VRG87S+vwuACU4WurzIViUskDq25GDcgi4CtM0nSr1+RCshFBBsqjPdDwAUALfDp2zBMWUz+eT6Dfj5OtPc5IHjeigZlIkdFx4ixKJHXAXkiV0XPiaWParQ1d2IJ4ENZMyoePCSw2cbQ0VJOJJUCs5EjouvDp62JSHmnHEk6BGYnfonOV0TMnJnRjdN2ivA7WRM6HjojMnH1vQdR3RTxAY/uERjwVAKEf30EnNKfc1ppWU5RQASqK1fuvbLjkuT4kyViwpgShBSez4cRiG8mPyaEYoVsaVQSkElCZ0h4BUHFZFTBHFFjgAZzmymVspDrmvMWPJmMcB4Cy1xY+rHFFuzBlFugwA5MRnD9YS7NYppZUcx3EpY4QCawlyslZ/rM5CMnuqlT2uoRZOzlQA5KLWhI6LTXXYQgwVFBI8IDdXE6Q5Kkr+MiGibC2WrDUeAf9TYoVHDDYVYosoRFRXm632iLV0DcSn5AqPGDhLIila6ihyN1BJ0ExfJ6VXeMTAmX2NOejkqu0WkJMMqIcaVnhEwWVC11xVH/e1xeQOX4erxSotc8WEjotVhbmEdFaUfJyWdhaQN7+VpNXVaUmQxhVTxm6nq7ZIG0ir3+sqXKJlzgdbpVsF/jPWoUW31Viua2vf7UpcpWXOhzdLGeNhO3JLvlayraAe5Pi6aoZ1E1ulrgTGmZ3nWrUkiCfLU/OSq1g465S+vrmsb7ZsJVsp71wFWX+kluLHFV7qlKENA627rWgYKIOsPyqlyBjTrCDJFuXWoONYc4vWmgS2aHHSqQ22jnJcNRc/riF92a1YaS+b2mq2VVJDLDNN0/JqFdm72mJ2dY/FUoa4rq27rTUxzzM9Ho9mW/3YVZX7r7YcP64R/Hh1+4lErVJDU73WernGWutmYlx2U7uueyt13HGSX0TJN7jv+8O/nP0RYRVQcuKxa8g1W8sj58ZiXLOMd7OOL7Afu1d7Yx+fffvW+g23qOW7yri95vWcHAfKmu7e625x4xZeoqxlkOaihu9r79xQ635H8jptCVMpBSE6IHNwNYdcyX2nmc3u4iktSvn5tVlLPsc7jIuUvIhy6+aecUVqGSQxqEWUa1axJmspJ/aW7n8JNncekFmxM/D+sHJZzRXhRBa/Sp4H0XuSSSm1JENKJn3sBvE7JPySYnaSOPZrj3EcV63L1WZPO44s1RyxZw3l+yXcxhri7dYgY7lG8ibLoNzHTbqqONcGWilRHvncUjs8yOuEODIeb6I0wtqN47i0dIXc9DXLW6s45aQkz7GEKM/slZv7ukKQ6VgVpU2oKJnaxekSpCkgyq1zifHzIUCQaTkkytgDcs2tLX1z9wZ1blH6lDtyxHcQZHqKiNI+bmmreWQw5xSlrAWfJaXFhCDzUFSU9vFL3PCj20vEcuH3iPHMlRST3VWfy3FFDonSLpmkwF5Dl9oi2Z935LulLtTHtkSh7qx9jSDIPFQjSiZHvOm7PWHK65DKNbRLXK7ryVl27kmtOSHXOodEmdpCrOHK1IYOWHncs65oKhc2h2u41yC+9uIJC9YxL9WKklkTJ/dXnhkssdzj2E3gORv8ufbsEqfPdQXx6YwxhheZri0s5f7X0pveaq1pnmdnD6rsA7V/z+6/DVmQLbc6jHWc0tcWVIbZiZVyZR3PsDfjb7lisT4/xOKGuNCgff7Q70zNlsi2NrwFRU1bM7B1klaKreHaVph930c9f/5cuXrkqMW84xYq4BzOHdJtzuzdUwIWXa7JYxgG6vt+2ZfUJVA5WUhXGoIETsyOi1oyyXMVtpa62S70XXZsAP5sWsrQxxjchWEYaBiGl0Xd/Ke03MMwVBUGgDpZYkoQDosTgBA68+OiLlt+/P6TXP8HAEjLskcPW0t2u9h1Rf0MgLxsbpwFAMjPqig5YTGOI+JNADKzZF85QSGflgsAyM9bTMl/R3EbgDIs2VdGaw2XFYCC/AMytuatrBFj1gAAAABJRU5ErkJggg==	2026-04-02 12:10:48.856652	\N	5	\N	TECNICO
10	iVBORw0KGgoAAAANSUhEUgAAAOgAAACECAYAAACan2dZAAAABHNCSVQICAgIfAhkiAAADOxJREFUeJztnW2W2yoMhpme7itkB91R7JXZ2cXshvujZa5MAPMhQNjvc05O22kmwbZeJASIL2OMUQAAkfwe3QBp7PuulFJqXdfDv1PQWp/+7PV6VbcR3Ievu3tQKsgcMdaitf4R7+Px8IobgFsKdN/3oCCtUKynyxGO7/Pe7/fh/2OdwLIsh+8G4DYCpaLUWv8IpUaQte2x4rXCpCzLAqECpcyF2bbNaK2NUurw0lqbbdvMtm2jm3hgWRZvW5dlGd00MIjLedDQmFJr3d1LlmITVK5nhVe9IaN7CC7OvOWsLMvy4VnhUe/D9AL1CXN2UfqAUO/JtAL1CXNZlssJ08U3ToVQr8t0Ag0J827Am96DqQRKhXnFMLYECPXaiBeo9ZhWnBDmJ25UAZFeB9ECdb1DSJh2TpMK2fe6uuHCm14PkQJ1PYLWOul9Ka+re19402shTqCpXtN931noa99/F4Ol9+cu13xFxAi01GvmjEnt79wFKtLQ/QSyEWGtJV6zJFl0N4Gafx3anUL8qzHcWlO8pmEK2e4oUAuy4HMyzFpzenaupMedBWqcTg4inYMh1pozNqLirDWquwvUQKTT0dVac6cAuMMyCPQv9L4C2XSz1twEj30/pxFBoP8Dkc5BF2vNHUO2CsMg0CMQqXyaW2vuGLLlBDsEeoQm6rCYQSZNrbWkh25pMBDoJ1SkSBrJo5m1loizxbiTAoH6QagrlybWWiPOlj05BBrGPjOEurJgt9bS3rjHWAgCDUNDXSAH1qdRKs7Woa0FBhgHoa482Ky15uH2yiRCoHHgReXB8iRqxNlrn6Y1PniHOPZZIqMrg1+1ha/peSfbtnn/31ZK92Grpz8ej9qmRLHnoEivKj8aW7k+9sxAP6oEuq7r6Ylcy7KoZVnU8/n0/r59D4QjA/oceh7HCPwUC5SKc9u2U4H5jt7DcXsyoae/gbEUCZSKM8f70bApdEBQK6zBtQ6lr4B9nvRsUzCI3EFr7vpNt7CX+/NeIDuZzt0KrEkm24PasWTJUXg2zB3lPTHOTcNGGQhzx5MlUCssetZmKlQcvceeyOCCWUkWqJsUysWKg3pgAECc3ylv2vf9kBQqwU3O9MzctuwM9n1X7/fbGw7a+eFYqGg7LvsnMtrgQMpAtWanA03OjNgc3GKdL62tlHv0ROpr5FmnWHUlh1MPalcKqcLe3XqQFG/SAus9OcafNsHlm8/1Td+kfif1wvaz3YgFnvU+fH9/q+/vb/Xnz5+4B+UoiUHXdqaW2uSC7jEtJXRAU8sC0Nu2DT2pDB50LAfNxN7IYRwjj2yvmc/zCXNEVfYRQoVAx0GP0TSx3Swc3sd4Ksj3WjBQ0/7ck9N60PMgJAh0HK5TCVovV489WqA57ZcoTEqvKny9NtCDIz6b9SqFy3v+fAkx+B4CzTWwmiMNe9NDpFjq159QTS6vUrgNgH5eD4Gmtn8mYVJaF1hDAbG+xDrdD6W0EBF94K0Fmuo93dB7NmNsGYb2GoaAv8Q6xI+n0MJgaW/f+uGntP8qJ0+3KE+CukR9Oetole/NnA/Hdd8tH37K2Knl0RI5cIirRbYV489+pFT19y6Wb7V2teUqopTyK+5G89lX52itDyu1wFwklfyham3h3dxwspUHPfOKnAcB18KZ5LG9MHdCb/Q9ujqpOYRfrppb7pls1cvTnsj1ivu+q+fz+fPdKfWTZoTj3tKSNFe8R1Kgu8POoriPxfKzPZhYaGvFqf5dV8k+1hZI3wsrvX2zQ/dEn+rNutJWoadvLS7X98Tmj0Yszk/Bnd7hCnE5rhHZ2/bkzjH/UoNqzzyfT/X19XV45RZLDtVHkuo5ladSnpSIpccQ5+4Ubd00DRINJrBlKvWV0o7QIFuq57S4O2Rq4fKgmF5pS2liUBnmhxPbP3kmnNStVaH5VOniNE4ZUkkCRXjbjpr108owrkjx7QbxlQaJGdOZSEMLDWYQJ/X6XO3kECi8Z1tqFsZUH56kyJiPlhfZtu0wpUHHNrFxzuv1UsaYw4ICOz6NLTSQOuZsDUdJUWRt21FTqlapfzFNjQd1PZ77GbR3LtklkVKRYZb9i/QecbW31vv12mF0Rzju7SGLm9sLU4+mtVbGGPYs4Ov1in5mbb3eXvSupp9KbTlV4IfNLk1hgiB14Et7+BJP56vIoLU+fN4MS9NoOzk9KFf0A/jg3JBRJNCcrJQvxE01TN+2sJFFyEpxw1ApiwtmuX8zwb1bqkigOWNJapw50wuxC51tP6d7vyQIFN6TnxblaLKTRLkPlhpjikDdeVTfhY6sGZuL735xLy6oCW8l37vZaGGP2QLNbUSoqp/7Xb76QD5czypdpL5og3txQe61w3vywzm3TckSaGk5jJhAfSuPYu1wjVKySM9WPHEsLigRmdT7NSutxGlyBVoaFvmW/tGkUW7CyTVKqSINtYlDoKWV9+A9eWl9P7PW4nIKlIayqZ8X+35pUy6xB1crUHhPGfSwucNuljODyZ3HtHN+IYHmXtSZUUpaURQTApdA4T3H0cshfGzYPvsyanjuyy6OP/OYJUaSapQtxwOpnLW1VqDwnmPpGa39POVUw3ZX8MReVqzuBZWsfskxrtGGePb9NQKt9Z4QZx298x0/As3N0NoN2fRlQ1rfFAoVaK6xlM69jjDIlGsrFWhNUenRndYVGJGMPDzpFpXKjWflT66BlvT+I5JGqQIqFVpt5hbiLGfUTMHBQlqdC1kr0NKOo7dIc4SQ267SBM/IaOIqjJzGC57NwmnQvuxtjrHVZB57JY1yBZTb6ZQaCE4qq2P0HPuHNXEbtFuKJDdRxDF10kOkuQ8x57pqE0MSpp1mREL0ET0flMOLUuOioW3r1UuUlENqaigRQu7cc+m0VGnkcXckiNOEBMrZ87ohlltELHVek7OgGTelDzKlPSWfLW1V1WxIEacJCdQwelHXCN051LNOgFNULULdGg9/1vnUZq9HG9eMSBKniQmUw4uGDCxVoC2yypw3v9Yr09VXoc8uLQ8jwbhmQ+L9i1pWbQYw9Pup28taVbznegi19yfUlhIvKNG4ZkLq/Tvt+ktD3dhUSuoBQq0m2DnCQK5xuhslQJz9kXz/TgVaaohn4sqpntDiprmLJ0p/lyMJQz0xxNkX6fcvafBUklxJDV9HCdS2oebauNrlRhQQZx9muH9JAs29kFSve7b1rNca0rMiZT3alCPQlMJqIM4M4jSpAjWZk/0la1J97+25yDtUloW+Wq1Ioh2am+H2fX/K+B2EmUWcJkegJmNaIWfqIXaDeu/CsEJwReATLud3umILiZEK17etD5xDO0Pp4jS5AjWOp/EZCKeoeguUYgXgelFOzpJN7vfbn4EyZlzEUTTDHhNpjvc8Y6RAW3PW0QFeZh2zFyspFJpx3oCr7saAOPvhJtRmu99Vrs4NGTi9p2m4gXwkNNE0m7HMhjuVN+P9rlaTm1RpNf1wBSRUHLwLNQtRJMFi+S3j+1lDE0rKogzAx4zJoBDsHpQ7nGhVyKwXV+nJZ2HWZFCIaoHSm1G6ZC3GrJnc1NPaAA+zJ4NCVAk0NKbiDDFmSxT5hHkVY5HKFZJBIVimWc7+v0aoMwm0dcIMfHL1IUSRQHO2W3HuvZTaM8JrjuFq400f2QItEVytZ5HqRSHMMVx1vOmjeLF8SY9VI1RJBZh9RypKaNcduHpI65IsUM7ET4lQaw4O4gLCHMsdQlqXJGtvNfHrCtVuAQqFLKO8KELZsdwppHWJCtQNJ1oJI7QP093i1dOL+rwlhNkf1wbvdv+jleV7x/qxDdPuQcCcnYXd+6kDp4Pf0TAkcKUle6V8mb+rgX7Y9109n0+llFJaa/V6vZTWWvVm33f1fr/Vvu9q3/fT99s2prbVfmbos7XWSmutHo/HkOu/M/u+q3Vdf57Nsizq9XqNbtYQPgSqlFLruoozzHVdf/6eKtpU7HVaI5B03XdjXVe1LItSgx2EFLwCnQH6IJdlUY/HQ73f758/z3g8HkpBjGKA1wwwOsauAWOU+UGGPM7UAjUQ6bT4suQQ5ifTC9RApNOBTQXpXEKgBiKdAoSz+VxGoAYiFQuEWc6lBGoQPokC48x6LidQC7zpOLCpgI/LCtRApN0JCRNes5xLC9Qg5O0CNha04/ICtbjeFMZTB0TZh9sI1AS8KTxqHhBmX24lUAuEmg+EOYZbCtQS2iQOjntkIcpx3FqglpBQ72aI2LQuDwiUEKrmcOUQ2OclIUo5TLsftCV2c7jdb+pifz7jfkW735LuvbTQjevYJysDCDSBVMFKq0JBBWivwSdKVJKQCwSaia2VpFRYsIrUNFKNhWsFZ+s3uT8PtQ1ecg4g0EqoYFNqJVHhln6fOhEg/S76d2keHpwDgTYiV7il0GqGts6SQrh6GSDQzlDh5gIB3o//ADROcofOWARhAAAAAElFTkSuQmCC	2026-04-02 12:10:48.86747	\N	5	\N	CUSTODIO
11	iVBORw0KGgoAAAANSUhEUgAAANYAAACGCAYAAAChbXTZAAAABHNCSVQICAgIfAhkiAAAEOdJREFUeJztXdvR2yoQRmfSl1Ej6SEVCHWR17ylC9mNRechWf3r9QLLHUl8M54kjiwh4GOvLNO+77saGBjIim+tG8Dh+Xyq1+ulns/nx/daa6WUUlpr9Xg8jn8PDPSEqReJhckEBKLE4mCMUcuy1GjiKYH7cF1X9vsQwLgYY5RSaixuFnRBrHme3wYaBgoTBr6D616v1zG4Sim1bdutBxj3C/w9ljyxGGT7QnNiYVJprdWyLOJBeT6fal3X4/d3kF7wriB9JOSh6jP+LrYNr9fr+LurDUC2q4/LB/aG0FrvSqlda71v2xZ9H2PMrpTalVJJ9+kV27bt27Yd/cV9tNa71no3xhzX126jMWY3xny0E4+zMaZqu1qhmcQCSaW1Vtu2Jd9vXddjdbyCWkhtTgyQ7PjfPQJLNqy2439fVpK1YDNewc5w31oAqcRJplSp3gNAotF3Ayl7JVQnVunJfzZyXZ1MNnAq45VU+arEqjXpex8kG5ngu17bXQJgm3FS7MyoRqyakgQGqjepxTkg7kgmG6gUOzO5qhCrxUTvSWpRQg0yuUEl2BkJVpxYrVzhPdhaHKEGmeQ4M8GKE6tVp2zb1kxqDULlw1nJVZRYMLladUZtqTUIVQ5nI1gxYuGOaAUstUo/ZxCqDvC86plcRWYc9u60nmAl28F5+Xoe7KsAk6s3zy+gCLFaq4AYJTySg1DtgbWRHvs/O7F6UAExYAByEGsQqj/0qhpmn/09vmQOdfBsxvOd0CO5shILXrCXlwOkqKa9qxwDf0EXvta2fTZi9aYCYgA5QkgxPH3nBB6zluOVjQW9r+ghpO9t9RsIQw8bX7MQq2dpBZDYWUPtuw6w5GqB/3JsloTdoHSX6FnwfD7VPM9qnmel/u3I3bbturtbbwC8ixzGtSpSmXkGabU7HBjDjro2WiVjJ7PhLGoTDRQP9/l90IJcScQ6i7TaSaB4SKl7AdvOtciVxIgzrfbUMTEIdS/U3kYUTayzSaurbPkeiEdNckWzoqdEWxe4QiUD90WtMhFRs+wM0oqTUr23eaAOagiFJGL1Kq3ofh0Q+4NYA3sllTBqlvU6QX22VK/tHqiP0iph8CzrVVrZpBTGINYARowzSym1//7923tdlpSmloB0JJxWdYVDEQbKAw7jkKbiweEUP3/+9B+fFMvyHiCRUoCcO4kHroPQrAypChnEkF7UwJi41CDWAIdQR4b0+iBVsIfs9XVdP87WGlnoAxQwT+Z5Vuu6vp2/jKG1PuY1nOXlgtb6MDOc18cwuxVSahv0elDCQH7YTr50SZiQuigS7UfMktZqYGpKUuv2D9QBZ3NLdhSHmgo+IoqJ1WqrM7WnYp8/iHV9uMZYMv4hGRk+IoqI1UoNzJnuP4h1bUicCj4pEzrPXdeK7tBiUuauFddLyeuBMpBIG4m6FyK1XHNKRKzamewlCjC2drwMlENIgrXU1pLcy0VU0UyrOSlL7JsaHsFrI0SjkgSEpYLERUIvW2qpgbmcFByGfXVthCz8EnUwRGrZjr3tIlcQ8v0g6Lvve9ZcP8jrejwe2e450Acg8CtNXoB55cr1w0FgSek09l45V4MYlbFGQfthX10XsRnqPq1Imrpk04acEguYWCpTfF3X4xnGmCKpSaEr2sB5gNOUQuaOZD5LU5dAC6JSy0ksuGEJYq3rqowx6vl8FiPVwLUBkzp20fTlBsKc9G4R4ZAqMrnrfah5IsRQA6+L2NhkSPpSbFDZOuNisi0k19ck1XCzXxspi2aOWBW9F57PVlUQxGQu26S058+FsZt4gAJsKKma5/MifiCEhT7YxGaLEr/7UAMvjdSNqyFqpO9azjPISizMztTVHjacKfVVj6IGwGN0R2kF2sE0TW+e1ysh1bEm2qz4D+DEsG2W5DyDLLFyqYHg+YN7tfD83Y1Yz+fzbQIYY6wTYkAGrDZKFymWWECGlEyF1qSCZ9/JjU/LFvzVhiPdxRdH6NyGBVq8SNl01xjbhKuT3iI/7465gXjc8Htf1TOaug0o1Ebz8YL+34fEyukNbKX+3XGFxnYs7nOs/9+xX3IBZ2JI+vGDWLkSVluRChvrd1EDp2lSSvF9LknNoXbZAA+fE+MNPpEmBS2e2Qp3UwMlqh5We7ZtO7bo4GD9NE37jx8/qrY9BbVVQYCNH7Q9b1fE6uPUtmpJrDvFrnzVhzCJqO1Lx+tsNlgrYtmeS7//xkmxEBc19f5BYm0L3CmTHZKXlfp6X6zS2cYAxhbUmruFI1KxLMvRz66+Y4klBR480O/BSAaXb03cgVAKBYABtvfGJILrawXo7waIc71eL6W1fidWaPzq9XodUqq1owBLq1ptgYUFOwUej0f2BQUGzOXZg2dqrdk24ADnkFLxwJ5BV19Gq4JYBWxNKqXqSyuf2hVLcLiXRKWzkWigLLjkXRzWWJbli1ihu4Wpfk8fCiKxBmpLK6yK4aL60Ab8p689mEg+aYSvHypdO4jsLPBqhLipXXXcah+X0+LQbl9f2bx1Nlc356Uzxrz9VlJ/PKXNZ0MrryCAzjl6vyjnhU1atQCumVELPmkE3xtj1DzPzoi9xEtHPa9D9WsParN+jHHoCiBZ+WpJkBbSane837ZtuzEmWBq5kKuK1dUO3mstsbiYL54XivvSBXghF2pN9laJvlglc6l1qVV9bYm1MRjEekdqf3C/x20KJpZkoGscQFDbZoiVRrG7BXKSah/E+kCO/qA27wexQh4iUU1KE6u0ChjiZIBrXQjtD1xfPNfCMYj1jhz9QduQRKydyQ2kg19SmuSunAvEkEgjIFLooEr719evKRjEekeO/qD3wG36piLqByzLopZlObxV+FMasbuScZYE/D0lnw5iWbBL1wXqNaL3g5gIjiUuyzK8fwVRohgtjuEm5Qriic0RC6LQuSANBEuzFxSTCqQEnY1rIEzTJCY5DcIPQsWjRSIC1wZlmV9JxFKIXFiCAWBVpy/O5SJy2QUYkJcIwJvNfBKIPiNHZve2bW8SG+CKbWHC00Woh3zLM4GmEIUiR10XReJZb8ihr1JwtS9qfrA9VMqBAnaZrc4H97E5P2rgTDaWzd7FzpzcmRMpbcVtg/FPllgcsEq1LMvHlnBOstDvODGL1TbXM0sD8gRhT9S+74dKh/dJ2TBUPjs4aQ7AkiHlwIKcp+hgifdWXzAnewE5V8fa5x/7QEsQcO+JpRn+tJQa0pMMoe0tDkGX7IjGWkHsvM3ttcZtPubFXihTIsc9eyzdRV3hoe0rGX9zwUcsWga89mImTTLG7ZRc73pWzPvBIomB+6t7YrXKA3SBa1PoJIydDKnwEYvaMSViaS6E9Au1v0L7MlXS0T7Emgv8WewM4pAabBSgZ2utu9x3hG2AUD29lV3litvg8mnbtqllWd7ihaVLo8HzpSfQUC+gpP46IEc9FtpGzt7r4nBvDGy84sBqD+C2i9iOyjwL8OER+L1qkSumFgedFyF9n1KQNug3KaLRhRg9vYUKIoVNDQhNsm1lN9rsCp86VXpMvn//vk/TFPy72KOhYtVH12Hf1O6rogpK0foQBSm4Ii0hSA1I5gTOZLG9x7IshzQpIbl+/fql/vz5E/y70JLPiiQVhI6bS93k7hUcx+IqEwEej4d6vV5qWZagyPgZSOUqW33WCkjSuhxg687zrIwx3RSwwdksIaiy23wXqIKSLRRclFwipvF1LWInEvg8ajjTI/VepUCza2JcztIxrYmQrKEUkwfPfe5ZdO5bJRYkOHJVmJRDlOKqrPDnuq4fqyKtdHTmTASo1NSbs8WFmFy51gVZOYC24KtMm3rCZ7BkpEzman2HShMuNw7nefVygIIUPikTsvq3klh4jFMcKL0F7aXOo5SgMHVOcMCc+QgQU1Klpra4VMQePX82SMudnY1Ysf3fW5qZxNOXogZSIcGBEuvNKwjHbEJiaap6Br/dtu3Dg0PjJgP1kFrBGJd36wG+Y0xzHpYh5cN/9OISXjm6mU8hG+usgdUzAfd9jkmGbUl8OEMr+OZr6kLC7bDw4SOOlYtUOMUfDN1t244PGJ3zPI/TBCsil5TBaTytF0dXPCvHQhLzftkDxEAWeswMVgeBZDXz0e4MiDniCZK6gOKa9TXGjpYx4NqjGBLkVlelXtQsxAIyTdN0qHcS13PtZM+Bvzij1IIkAp+Gg+uc4DzEHGqgEqqCWutPYkkmN6welEwKSSMsoVy4G7lKVAfygU6OnDZ0LamFJaQx5ph3IMVogZ6QBd6FkMx5jG/QaN/hAq6CLakBXkiBgpSZ5/PZ5XaRs4KevJkTsDCWDhpzRYtskrJUelzQu+0k6CdJW4JiH74YV2jMBsfReglA7pnjWC2O0/HFYFLRMmPfVrgoV/9Ks/vxs4+Cndggg7JeFLRYS4kYFIhtEOPzPF9OctX2oJWUVoBaUot7Lvz5JOcyt46RsrmCrRsFmdRXJZfqbPtIDkB9RV/OXi3kIjhemKRjdjgvUrbRlwKNdV0FOUtvhaLkgtk6rkWdQiWcKbYx49738AqWIFfqPc9CLni/HqWQ1lr9Owet+LNqxrVswOW/S8xl6XXd1byg6IFcvroWPUn6lmgttQAlpJZL2mPSwXUfEqvHOBLYWBCjaAVpbXgbUvcEnQHwbrHxn1hgraEEwV3vw235P4jVoxqDUbLugg+u+goxNtOViZVS+jkFtgyJ1LniUvNhocdVxQ5wvvicyHlPabXUErDF5ELiUiVjST2hxlG5FLRvXVWVpKAxLPz52NhID/rGNyrRIbknU6tgpG2gpMTqbedtSdTezGl7XmqygS9ZAp85TZ/DxrFaHublA667UDPGhb1NKbGaXvs1J7DaHBNPClWvbfmXqTU6XGl+2JnB2s4S5qeglPrTIvWJk1pSKd9KhW2F2O37WEpI4dIaYjWF1DS1j9bnJkIpYtEjXWqBDpTk/e6kBgJiF2lqu0jgG4OUqswhxMKL5kdrctpZpXXtVuTCz/QNaqs29oCYuUTtGl+fSao0xTgyQgQC954fv8xJhhqZ3C0mLs2odj23t4pGNREzl+hZUz4yhDqPJGTJMW+txMqhvtXaItHCDe8q4wYnI8bYC1dD6Pvj1V9ChpBxl9rlORZqtsW5CFEznlGbXNzJgjaX7F0cFhxC5wC93iXxOdvGB9+45DrwkP11LqlVe7WueQqki1ghtdyvjlB1kI6fyz6KkSxcUVru/1KFinUG5nhACzWolhu+xU7gsyJEk+DmDOdVBcLF9r9t53Eujcc661NTQlpOvBrkurNTIhRSddAl3Wh/5zAzuNSkXFqGU5ykTNDazgSMGp7CuzslQiBVB12LMV3oW+QjhsC5HwtnKodkCcO10hJouYEPBS+RDd9yF/AZQVOcYu/Rw0ZKMXzMi/G29aImlTo/d9hX4ZBoPyFxq5YakQQiXSaEXDU9cxKUIFfvg9ojJOqgZN5Qb2yvi5t49kvIVfqE9VjEnrDOYUireLjsopgzxnoehyCx4so26JVUGL5zZCXoSRqfDS51MHTBguyWXhE8Q1z+f3wcaq9IWQCGtEqDK/Hgaup11NLLlfY902Sj8YuQrQFDWqXBpg5erW+nvUbBuQ7BlVPjTqbALmL4/9aVgs8M6HccEoGCLCVOE20Fdmv+HQCFLOEYGPyxXZ96JvPAF65ei/G2EosDDDauIfd4PAaZMgPq8kMCwTRNSv3VA1s3LRtuK7E44KNcB8oBirys63osYqVOQmmFQayB6sAVr66K7mu3D1wTtLLwVZwWgEGsgSZYluWwsa54/tn/upRUdq5xWmgAAAAASUVORK5CYII=	2026-04-02 14:56:49.143989	\N	6	\N	TECNICO
12	iVBORw0KGgoAAAANSUhEUgAAANcAAABsCAYAAAD5cCcDAAAABHNCSVQICAgIfAhkiAAACElJREFUeJztnelx5DgMhdlTDsgZDB2ZpRAckbozcgbaHx72wmwdpAQSDxC+Ktfu7DFDiXx4IHjoNs/zHBzHYeePdAOcV+73u3QTHAZcXGCM4xg+Pj7C7XaTbopzEheX4zAyjmN4f38P39/f4U26Mc7/jOMYhmEIIYTnXx1dpH77+vpy53IcLsZxDCH8COzz8zOEWRnTNEk3oQnDMMwhhOePowvafwlVaeHHx0cIIYTH4/ETGYziKaE+FtN5UblXYDmy5882DIN0k5wKUv/l/aZmznWlaG7Zla1Bi1B///799e9UiItOFK1BOycEm89ombTgPwxDiDH++ncqxOU7FhxExnF8js3FbEMsUS0k5bMxxnn+2QdpZs6Vz7WsPNdV2Jsjq3CuEMKL5VrEU0I9vKxpLdFd7pXQiL5WldHIkmtZeK4rsLSmtQS0c1kuZCSoI3uVUAelW9SgxZWTJo95yVMbtEKYxGU5gFgiBfwY424whBZXGnDpIZK4rMy/XFC6uN/vL2Nyk26JaiX5/CqvGmolz9fT31vdM2mJGGPV3BjauZaw6lpWnssqu2taSzSX+0HyiF4bNRDJXcuKG1+BIxVdeOdKEb06agDjrqWLojWtJZrK/SDTNP2K6OnXoM0tYmltJLmxz7dwKV3TWgLSuR6PRwgkoqdfW6iu0WewVv20yJlrFyDFZQ26rmV1WcEiNWtaS0CKKz8fU7W2AAyNfrk7O1jQNa2jfQQprkSMUf0WqCXXcvChU5Gj/QYtLkvkwcHKVi6LsAXEJiWWE+SVQs1Vwq1Kk+bnsg7XKQVo59KeEia0t3+NdBuXJQ6vaS3BJncmqHNpP+e05k65O2uDrjtaWqc7s6a1BKxz0XszNBYCtlxXc6UwfSjCIuxXibNIlBErd/htRcAU+bU9G+2bYRie2YUFWpxyh3szFi7/3OsojduecmHNhooyNM3l7BO4N7PUidrYG3TaxEX7JLXZ0n0mrU5cwM65tFJS4dS29YnORbS0uZRD57RKYZUqA9wVm96UpBeanm/NoaxUCltmSXA9rDndKG27FnGtBTrtATDReqzBpYWaF1xL2q4tJQxh/bk091WXPZ9NJHsQzcWM0iioxZm32mkhJewxzqDEpXV9qyZN0iKuteexkBL26gOYtDBV2TRCPyNjgZKKp9Zn7XoEqKl0K9C6M6M2kmtY49p6Hu2u1XN8wTgX+76uTmht9xpbrkWPvWvk7LH9WiDERTs0HR7U8ME71uMJIJSkTBrFxXFsv5rm3lgATTW0XKN2tJ3IaeHeRF9Dv6whUUgSd648DdESFa0c5KRsPYvm5xW7x6SbjFdYiobI0X0+WY5GfbY9J9Z8nbhUkUzUubRGQ2tFjLBz8WrTza2NEZ0Xd5VyxlpEQT4GfzZ3R3WuLdfSsvCdI73gLSaurQ5DFRdHZyGKa6svpAfoGaTXTMXSwq2UKsYYYoxw5XiOdDC//x6BkrsTtaXAvde0FpFQdEmagRbhuVIjxBRr611rdK1Wx/ZrEXEujVHQ8pXUa8dgtBacaLtFl3Z6q7k0h0ead3Hm7ojOtdYfGl0LaY7Y3blqd5BLz7vSHX1cpVy07V3WXAtqmaSnkmujinTe3CIKIjnyXHBHhibQsgLoOZdkvkznWdM0ibVDAo2uBTkv7qnk2mgoFeVptYk7CqI5V76tScvG6RzpNa0lur3Bo5YtkRq27iikwZuX4dFSqxJQ29yth48OqPTiekX6Hn8e0hoebQtSpa0U5DZ3mXOdyeFpda11ha33PAthl8ZStVDTXAuqOpjTQ8FnU7sUXVu6CXWs1ukF0ryLpsCoDrAGepubt4ojH249ye59XyJS0SC1A7EgsEXLohMXzXuX6wW0mqdIXUSKMO/KvxCJ4KSlaDi82VRcnMWBFqmUZPRDGBxaP7/au8h1lGbiarEzmXPuJZ1WoMy70FOrnKVvhaHSTFytIjOHwKSFlZBODdELAjko/VZKk7fautOOCmyapuf/i+Aa0u6lLSVESKVraDL6e0QXKpKSPye/LhtlMEl9tBv1fayhzWXnFuLquRWFCoy60fDvS/PpB7nULDE5pwNVOjUtQdM8i8IqLonoMgzDU0y50HJRoXZMz4GTLz2g7sujoAbGPVhVgPASpml6+UGnxw6URN5H0vO+PbTNsyhs4tIQAVHpdaGKtoORGudZFJZWI23n0UrrgbT1+yPOu7TOsygsPemuxUOr9HBvoCKmhghTjLOcFpd260aDe1CVLLyiictKsD6tCAsRBgnOXQg1m5JRUkNLwfrUE1h6EUhw7NSvXWRHcC/aZmmRc3BKFe5a7ch3rJcKJN/iVTNIJQe2NWHNZ8RlJS9Ghu40yRd+6eJ5voCe/lntIJVaU6KFHCvCms+Iy12rH3QnxdbPUVElen/AgLosSjGFk0PicteSI3eu+d8g5fz9ewx2KmSLwpqPisuLGLZpnR5eQVjzEXG5a9mnx43D1oU1HxGXu9Y14L64J59fXSE4V6nEXetacAgsXxq40vipEpe71vXIq5S0kLLFlUWVuM0/otklXfXM9RE4Rw/3+/35EUDK2hXS+dXj6aPfop9QFaBYXLfbLYQf22rdJgeU+/0eHo9H8b39VxVV4q3kP9L4MTSHnxjjUzCBjIuc9PGMq4oqUeRc7lqOU8/uJ4TctRznGLvO5a7lOMfYdC53Lcc5zqpz0a8sums5Tj27cy53Lcc5xqJzuWs5znkWnQv6I86Oo4QXcdGFQd/m5DjHeRGXu5bj8PBLXO5ajsPHL3G5azkOH09x0QVjdy3HOc9TXO5WjsPLn+Cu5ThNeAukeOHCchw+ik8iO45Tx3+w6P8BfIv92AAAAABJRU5ErkJggg==	2026-04-02 14:56:49.156019	\N	6	\N	CUSTODIO
\.


--
-- TOC entry 5249 (class 0 OID 36415)
-- Dependencies: 249
-- Data for Name: imagenes_mantenimiento; Type: TABLE DATA; Schema: public; Owner: postgres
--

COPY public.imagenes_mantenimiento (id_imagen, id_mantenimiento, nombre_archivo, ruta_archivo, tamanio_bytes) FROM stdin;
1	3	IMG_20260324_154618.jpg	./data/mantenimientos/imagenes/3/IMG_20260324_154618.jpg	3233266
2	3	IMG_20260324_154604.jpg	./data/mantenimientos/imagenes/3/IMG_20260324_154604.jpg	2566974
3	4	IMG_20260324_154618.jpg	./data/mantenimientos/imagenes/4/IMG_20260324_154618.jpg	3233266
4	4	IMG_20260324_154604.jpg	./data/mantenimientos/imagenes/4/IMG_20260324_154604.jpg	2566974
5	5	scaled_65418.jpg	./data/mantenimientos/imagenes/5/scaled_65418.jpg	50700
6	6	scaled_58718.jpg	./data/mantenimientos/imagenes/6/scaled_58718.jpg	71137
7	6	scaled_53574.jpg	./data/mantenimientos/imagenes/6/scaled_53574.jpg	92430
\.


--
-- TOC entry 5251 (class 0 OID 36427)
-- Dependencies: 251
-- Data for Name: mantenimientos; Type: TABLE DATA; Schema: public; Owner: postgres
--

COPY public.mantenimientos (id_mantenimiento, activo, creado_en, descripcion, empresa_id, equipo_id, codigo_interno_snapshot, serie_snapshot, year_snapshoted, estado, estado_general, estado_interno, fec_cierre, fecha_programada, fk_programado, cliente_id, tecnico_id, odoo_ticket_id, proxima_fecha, tipo_mantenimiento, tipo_origen) FROM stdin;
1	t	2026-03-31 14:22:42.532011	sin observaciones	\N	1	\N	4KXEH7BR800563J	\N	MANUAL	BUENO	CERRADO	2026-03-31 16:49:16.311407	2026-03-31 00:00:00	\N	1	1	\N	2026-04-04	CORRECTIVO	MANUAL
2	t	2026-03-31 16:52:16.304795	Averiado\n\nObservaciones checklist:\nPantalla se encuentra desprendida\n\nTrabajo realizado:\nksksjs	\N	1	\N	4KXEH7BR800563J	\N	MANUAL	BUENO	CERRADO	2026-03-31 17:15:39.927658	2026-03-31 00:00:00	\N	1	1	\N	2026-07-09	CORRECTIVO	MANUAL
3	t	2026-04-01 15:14:56.621957	Cambio de pantalla	\N	1	\N	4KXEH7BR800563J	\N	MANUAL	BUENO	CERRADO	2026-04-01 15:36:07.070515	2026-04-01 00:00:00	\N	1	1	\N	\N	PREVENTIVO	MANUAL
4	t	2026-04-01 16:47:24.791732	Sin novedades\n\nTrabajo realizado:\nyy6	\N	1	\N	4KXEH7BR800563J	\N	MANUAL	BUENO	CERRADO	2026-04-01 17:13:37.890298	2026-04-01 00:00:00	\N	1	1	\N	\N	CORRECTIVO	MANUAL
5	t	2026-04-02 12:10:48.845112	ucif7\n\nTrabajo realizado:\nsin novedad	\N	1	\N	4KXEH7BR800563J	\N	MANUAL	OPERATIVO	CERRADO	2026-04-02 12:11:24.051834	2026-04-02 00:00:00	\N	1	2	\N	\N	PREVENTIVO	MANUAL
6	t	2026-04-02 14:56:49.132994	mantenimiento equipos\n\nObservaciones por bloque:\n- General: todo bien\n\nTrabajo realizado:\nnada	\N	1	\N	4KXEH7BR800563J	\N	MANUAL	OPERATIVO	CERRADO	2026-04-02 14:57:10.684386	2026-04-02 00:00:00	\N	1	2	\N	\N	PREVENTIVO	MANUAL
\.


--
-- TOC entry 5253 (class 0 OID 36440)
-- Dependencies: 253
-- Data for Name: mantenimientos_programados; Type: TABLE DATA; Schema: public; Owner: postgres
--

COPY public.mantenimientos_programados (id_programado, equipo_id, estado, fecha_proximo_mantenimiento, fecha_ultimo_mantenimiento, frecuencia_dias, observaciones, tecnico_id) FROM stdin;
\.


--
-- TOC entry 5255 (class 0 OID 36453)
-- Dependencies: 255
-- Data for Name: marcas; Type: TABLE DATA; Schema: public; Owner: postgres
--

COPY public.marcas (id_marca, estado, nombre) FROM stdin;
1	t	SAMSUNG
\.


--
-- TOC entry 5257 (class 0 OID 36462)
-- Dependencies: 257
-- Data for Name: notificaciones; Type: TABLE DATA; Schema: public; Owner: postgres
--

COPY public.notificaciones (id_notificacion, creado_en, leida, mensaje, referencia_actividad_id, referencia_mantenimiento_id, url, usuario_id) FROM stdin;
\.


--
-- TOC entry 5259 (class 0 OID 36473)
-- Dependencies: 259
-- Data for Name: roles; Type: TABLE DATA; Schema: public; Owner: postgres
--

COPY public.roles (id_rol, estado, nombre) FROM stdin;
1	t	ADMINISTRADOR
2	t	TECNICO
3	t	AUDITOR
\.


--
-- TOC entry 5261 (class 0 OID 36482)
-- Dependencies: 261
-- Data for Name: ubicaciones; Type: TABLE DATA; Schema: public; Owner: postgres
--

COPY public.ubicaciones (id_ubicacion, created_at, created_by, deleted_at, updated_at, updated_by, agencia, ciudad, direccion, estado, latitud, link_coordenada, longitud, nombre, parroquia, provincia, fk_departamento) FROM stdin;
2	2026-03-31 12:39:39.005065	ronald.moreno@cresio.com	\N	2026-03-31 12:39:39.005065	ronald.moreno@cresio.com	MCAR2	CALVAS	Eloy Alfaro y Padre Esteban	t	\N	https://www.google.com/maps?q=-4.3269214,-79.559952&zoom=15&maptype=satellite	\N	MCAR2	CARIAMANGA	LOJA	1
3	2026-03-31 12:40:53.829832	ronald.moreno@cresio.com	\N	2026-03-31 12:40:53.829832	ronald.moreno@cresio.com	ML006	LOJA	Bolivar y Azuay esq.	t	\N	https://www.google.com/maps?q=-4.0003534,-79.2018223&zoom=15&maptype=satellite	\N	ML006	SAN SEBASTIÁN	LOJA	1
1	2026-03-31 12:28:26.792693	ronald.moreno@cresio.com	\N	2026-03-31 13:41:57.755718	ronald.moreno@cresio.com	FF024	MACHALA		t	\N		\N	COLMENA		EL ORO	1
\.


--
-- TOC entry 5263 (class 0 OID 36494)
-- Dependencies: 263
-- Data for Name: ubicaciones_tecnicos; Type: TABLE DATA; Schema: public; Owner: postgres
--

COPY public.ubicaciones_tecnicos (id_ubicacion_tecnico, creado_en, latitud, longitud, precision_metros, timestamp_captura, usuario_id) FROM stdin;
1	2026-03-31 16:42:28.455827	-4.0003303	-79.2018320	15.83	2026-03-31 21:42:27.989538	2
2	2026-03-31 16:42:59.083696	-4.0003303	-79.2018320	57.83	2026-03-31 21:42:58.931296	2
3	2026-04-01 17:09:04.787824	-4.0003301	-79.2018404	14.70	2026-04-01 22:09:04.350863	2
4	2026-04-01 17:09:36.544212	-4.0003586	-79.2018956	20.23	2026-04-01 22:09:36.151356	2
5	2026-04-01 17:10:06.855619	-4.0003142	-79.2018789	14.79	2026-04-01 22:10:06.595054	2
6	2026-04-01 17:10:36.567208	-4.0003256	-79.2018418	15.23	2026-04-01 22:10:36.371155	2
7	2026-04-01 17:12:59.733988	-4.0003258	-79.2018376	17.84	2026-04-01 22:12:59.501849	2
8	2026-04-01 17:13:05.212815	-4.0003258	-79.2018376	17.84	2026-04-01 22:13:05.01253	2
9	2026-04-01 17:13:36.680355	-4.0003249	-79.2018319	14.84	2026-04-01 22:13:36.388083	2
10	2026-04-01 17:14:07.18326	-4.0003255	-79.2018283	13.66	2026-04-01 22:14:06.268553	2
11	2026-04-01 17:14:36.715798	-4.0003269	-79.2018309	15.33	2026-04-01 22:14:36.20043	2
12	2026-04-01 17:15:06.64934	-4.0003341	-79.2018300	20.00	2026-04-01 22:15:06.297339	2
13	2026-04-01 17:15:36.626011	-4.0003341	-79.2018433	13.94	2026-04-01 22:15:36.419124	2
14	2026-04-02 12:09:26.280775	-4.0003123	-79.2018455	20.00	2026-04-02 17:09:25.640323	2
15	2026-04-02 14:54:57.884083	-4.0003178	-79.2018913	14.21	2026-04-02 19:54:56.743879	2
16	2026-04-02 16:05:32.369406	-4.0003101	-79.2018425	20.00	2026-04-02 21:05:31.212396	2
\.


--
-- TOC entry 5265 (class 0 OID 36505)
-- Dependencies: 265
-- Data for Name: usuarios; Type: TABLE DATA; Schema: public; Owner: postgres
--

COPY public.usuarios (id_usuario, created_at, created_by, deleted_at, updated_at, updated_by, cedula, contrasena, correo, estado, nombre, id_departamento, id_rol) FROM stdin;
1	2026-03-31 12:26:17.264266	system	\N	2026-03-31 12:26:17.264266	system	1105750077	$2a$10$uLqGaaeJ0URYMP/n/hc93.XoIxmRKsFQZY10PYkIpj7JRl9ok9PUq	ronald.moreno@cresio.com	t	Ronald Moreno Suquilanda	1	1
2	2026-03-31 16:08:09.628544	ronald.moreno@cresio.com	\N	2026-03-31 16:08:09.628544	ronald.moreno@cresio.com	1724850647	$2a$10$HcVyoOsBR6T10YCuV3ksReizqMzZ/kqK/C5a4LJk8yGTZidBEMwyG	prueba@cresio.com	t	prueba	1	2
\.


--
-- TOC entry 5271 (class 0 OID 0)
-- Dependencies: 219
-- Name: actividades_checklist_id_actividad_seq; Type: SEQUENCE SET; Schema: public; Owner: postgres
--

SELECT pg_catalog.setval('public.actividades_checklist_id_actividad_seq', 2, true);


--
-- TOC entry 5272 (class 0 OID 0)
-- Dependencies: 221
-- Name: actividades_planificadas_id_actividad_planificada_seq; Type: SEQUENCE SET; Schema: public; Owner: postgres
--

SELECT pg_catalog.setval('public.actividades_planificadas_id_actividad_planificada_seq', 1, true);


--
-- TOC entry 5273 (class 0 OID 0)
-- Dependencies: 223
-- Name: actividades_realizadas_id_actividad_realizada_seq; Type: SEQUENCE SET; Schema: public; Owner: postgres
--

SELECT pg_catalog.setval('public.actividades_realizadas_id_actividad_realizada_seq', 12, true);


--
-- TOC entry 5274 (class 0 OID 0)
-- Dependencies: 225
-- Name: activos_id_activo_seq; Type: SEQUENCE SET; Schema: public; Owner: postgres
--

SELECT pg_catalog.setval('public.activos_id_activo_seq', 1, false);


--
-- TOC entry 5275 (class 0 OID 0)
-- Dependencies: 227
-- Name: actualizacion_activos_id_seq; Type: SEQUENCE SET; Schema: public; Owner: postgres
--

SELECT pg_catalog.setval('public.actualizacion_activos_id_seq', 1, false);


--
-- TOC entry 5276 (class 0 OID 0)
-- Dependencies: 229
-- Name: cargos_id_cargo_seq; Type: SEQUENCE SET; Schema: public; Owner: postgres
--

SELECT pg_catalog.setval('public.cargos_id_cargo_seq', 1, true);


--
-- TOC entry 5277 (class 0 OID 0)
-- Dependencies: 231
-- Name: categorias_equipo_id_categoria_seq; Type: SEQUENCE SET; Schema: public; Owner: postgres
--

SELECT pg_catalog.setval('public.categorias_equipo_id_categoria_seq', 1, true);


--
-- TOC entry 5278 (class 0 OID 0)
-- Dependencies: 234
-- Name: consentimiento_monitoreo_id_consentimiento_seq; Type: SEQUENCE SET; Schema: public; Owner: postgres
--

SELECT pg_catalog.setval('public.consentimiento_monitoreo_id_consentimiento_seq', 1, true);


--
-- TOC entry 5279 (class 0 OID 0)
-- Dependencies: 236
-- Name: custodias_id_custodia_equipo_seq; Type: SEQUENCE SET; Schema: public; Owner: postgres
--

SELECT pg_catalog.setval('public.custodias_id_custodia_equipo_seq', 1, true);


--
-- TOC entry 5280 (class 0 OID 0)
-- Dependencies: 238
-- Name: custodios_id_custodio_seq; Type: SEQUENCE SET; Schema: public; Owner: postgres
--

SELECT pg_catalog.setval('public.custodios_id_custodio_seq', 1, true);


--
-- TOC entry 5281 (class 0 OID 0)
-- Dependencies: 240
-- Name: departamentos_id_departamento_seq; Type: SEQUENCE SET; Schema: public; Owner: postgres
--

SELECT pg_catalog.setval('public.departamentos_id_departamento_seq', 3, true);


--
-- TOC entry 5282 (class 0 OID 0)
-- Dependencies: 242
-- Name: empresas_id_empresa_seq; Type: SEQUENCE SET; Schema: public; Owner: postgres
--

SELECT pg_catalog.setval('public.empresas_id_empresa_seq', 1, false);


--
-- TOC entry 5283 (class 0 OID 0)
-- Dependencies: 244
-- Name: equipos_id_equipo_seq; Type: SEQUENCE SET; Schema: public; Owner: postgres
--

SELECT pg_catalog.setval('public.equipos_id_equipo_seq', 1, true);


--
-- TOC entry 5284 (class 0 OID 0)
-- Dependencies: 246
-- Name: firmas_mantenimiento_id_seq; Type: SEQUENCE SET; Schema: public; Owner: postgres
--

SELECT pg_catalog.setval('public.firmas_mantenimiento_id_seq', 12, true);


--
-- TOC entry 5285 (class 0 OID 0)
-- Dependencies: 248
-- Name: imagenes_mantenimiento_id_imagen_seq; Type: SEQUENCE SET; Schema: public; Owner: postgres
--

SELECT pg_catalog.setval('public.imagenes_mantenimiento_id_imagen_seq', 7, true);


--
-- TOC entry 5286 (class 0 OID 0)
-- Dependencies: 250
-- Name: mantenimientos_id_mantenimiento_seq; Type: SEQUENCE SET; Schema: public; Owner: postgres
--

SELECT pg_catalog.setval('public.mantenimientos_id_mantenimiento_seq', 6, true);


--
-- TOC entry 5287 (class 0 OID 0)
-- Dependencies: 252
-- Name: mantenimientos_programados_id_programado_seq; Type: SEQUENCE SET; Schema: public; Owner: postgres
--

SELECT pg_catalog.setval('public.mantenimientos_programados_id_programado_seq', 1, false);


--
-- TOC entry 5288 (class 0 OID 0)
-- Dependencies: 254
-- Name: marcas_id_marca_seq; Type: SEQUENCE SET; Schema: public; Owner: postgres
--

SELECT pg_catalog.setval('public.marcas_id_marca_seq', 1, true);


--
-- TOC entry 5289 (class 0 OID 0)
-- Dependencies: 256
-- Name: notificaciones_id_notificacion_seq; Type: SEQUENCE SET; Schema: public; Owner: postgres
--

SELECT pg_catalog.setval('public.notificaciones_id_notificacion_seq', 1, false);


--
-- TOC entry 5290 (class 0 OID 0)
-- Dependencies: 258
-- Name: roles_id_rol_seq; Type: SEQUENCE SET; Schema: public; Owner: postgres
--

SELECT pg_catalog.setval('public.roles_id_rol_seq', 3, true);


--
-- TOC entry 5291 (class 0 OID 0)
-- Dependencies: 260
-- Name: ubicaciones_id_ubicacion_seq; Type: SEQUENCE SET; Schema: public; Owner: postgres
--

SELECT pg_catalog.setval('public.ubicaciones_id_ubicacion_seq', 3, true);


--
-- TOC entry 5292 (class 0 OID 0)
-- Dependencies: 262
-- Name: ubicaciones_tecnicos_id_ubicacion_tecnico_seq; Type: SEQUENCE SET; Schema: public; Owner: postgres
--

SELECT pg_catalog.setval('public.ubicaciones_tecnicos_id_ubicacion_tecnico_seq', 16, true);


--
-- TOC entry 5293 (class 0 OID 0)
-- Dependencies: 264
-- Name: usuarios_id_usuario_seq; Type: SEQUENCE SET; Schema: public; Owner: postgres
--

SELECT pg_catalog.setval('public.usuarios_id_usuario_seq', 2, true);


--
-- TOC entry 4976 (class 2606 OID 36258)
-- Name: actividades_checklist actividades_checklist_pkey; Type: CONSTRAINT; Schema: public; Owner: postgres
--

ALTER TABLE ONLY public.actividades_checklist
    ADD CONSTRAINT actividades_checklist_pkey PRIMARY KEY (id_actividad);


--
-- TOC entry 4978 (class 2606 OID 36275)
-- Name: actividades_planificadas actividades_planificadas_pkey; Type: CONSTRAINT; Schema: public; Owner: postgres
--

ALTER TABLE ONLY public.actividades_planificadas
    ADD CONSTRAINT actividades_planificadas_pkey PRIMARY KEY (id_actividad_planificada);


--
-- TOC entry 4980 (class 2606 OID 36284)
-- Name: actividades_realizadas actividades_realizadas_pkey; Type: CONSTRAINT; Schema: public; Owner: postgres
--

ALTER TABLE ONLY public.actividades_realizadas
    ADD CONSTRAINT actividades_realizadas_pkey PRIMARY KEY (id_actividad_realizada);


--
-- TOC entry 4982 (class 2606 OID 36294)
-- Name: activos activos_pkey; Type: CONSTRAINT; Schema: public; Owner: postgres
--

ALTER TABLE ONLY public.activos
    ADD CONSTRAINT activos_pkey PRIMARY KEY (id_activo);


--
-- TOC entry 4986 (class 2606 OID 36304)
-- Name: actualizacion_activos actualizacion_activos_pkey; Type: CONSTRAINT; Schema: public; Owner: postgres
--

ALTER TABLE ONLY public.actualizacion_activos
    ADD CONSTRAINT actualizacion_activos_pkey PRIMARY KEY (id);


--
-- TOC entry 4988 (class 2606 OID 36313)
-- Name: cargos cargos_pkey; Type: CONSTRAINT; Schema: public; Owner: postgres
--

ALTER TABLE ONLY public.cargos
    ADD CONSTRAINT cargos_pkey PRIMARY KEY (id_cargo);


--
-- TOC entry 4990 (class 2606 OID 36322)
-- Name: categorias_equipo categorias_equipo_pkey; Type: CONSTRAINT; Schema: public; Owner: postgres
--

ALTER TABLE ONLY public.categorias_equipo
    ADD CONSTRAINT categorias_equipo_pkey PRIMARY KEY (id_categoria);


--
-- TOC entry 4992 (class 2606 OID 36329)
-- Name: checklist_categoria checklist_categoria_pkey; Type: CONSTRAINT; Schema: public; Owner: postgres
--

ALTER TABLE ONLY public.checklist_categoria
    ADD CONSTRAINT checklist_categoria_pkey PRIMARY KEY (id_actividad, id_categoria);


--
-- TOC entry 4994 (class 2606 OID 36342)
-- Name: consentimiento_monitoreo consentimiento_monitoreo_pkey; Type: CONSTRAINT; Schema: public; Owner: postgres
--

ALTER TABLE ONLY public.consentimiento_monitoreo
    ADD CONSTRAINT consentimiento_monitoreo_pkey PRIMARY KEY (id_consentimiento);


--
-- TOC entry 4996 (class 2606 OID 36354)
-- Name: custodias custodias_pkey; Type: CONSTRAINT; Schema: public; Owner: postgres
--

ALTER TABLE ONLY public.custodias
    ADD CONSTRAINT custodias_pkey PRIMARY KEY (id_custodia_equipo);


--
-- TOC entry 4998 (class 2606 OID 36366)
-- Name: custodios custodios_pkey; Type: CONSTRAINT; Schema: public; Owner: postgres
--

ALTER TABLE ONLY public.custodios
    ADD CONSTRAINT custodios_pkey PRIMARY KEY (id_custodio);


--
-- TOC entry 5000 (class 2606 OID 36375)
-- Name: departamentos departamentos_pkey; Type: CONSTRAINT; Schema: public; Owner: postgres
--

ALTER TABLE ONLY public.departamentos
    ADD CONSTRAINT departamentos_pkey PRIMARY KEY (id_departamento);


--
-- TOC entry 5002 (class 2606 OID 36387)
-- Name: empresas empresas_pkey; Type: CONSTRAINT; Schema: public; Owner: postgres
--

ALTER TABLE ONLY public.empresas
    ADD CONSTRAINT empresas_pkey PRIMARY KEY (id_empresa);


--
-- TOC entry 5006 (class 2606 OID 36399)
-- Name: equipos equipos_pkey; Type: CONSTRAINT; Schema: public; Owner: postgres
--

ALTER TABLE ONLY public.equipos
    ADD CONSTRAINT equipos_pkey PRIMARY KEY (id_equipo);


--
-- TOC entry 5008 (class 2606 OID 36413)
-- Name: firmas_mantenimiento firmas_mantenimiento_pkey; Type: CONSTRAINT; Schema: public; Owner: postgres
--

ALTER TABLE ONLY public.firmas_mantenimiento
    ADD CONSTRAINT firmas_mantenimiento_pkey PRIMARY KEY (id);


--
-- TOC entry 5010 (class 2606 OID 36425)
-- Name: imagenes_mantenimiento imagenes_mantenimiento_pkey; Type: CONSTRAINT; Schema: public; Owner: postgres
--

ALTER TABLE ONLY public.imagenes_mantenimiento
    ADD CONSTRAINT imagenes_mantenimiento_pkey PRIMARY KEY (id_imagen);


--
-- TOC entry 5012 (class 2606 OID 36438)
-- Name: mantenimientos mantenimientos_pkey; Type: CONSTRAINT; Schema: public; Owner: postgres
--

ALTER TABLE ONLY public.mantenimientos
    ADD CONSTRAINT mantenimientos_pkey PRIMARY KEY (id_mantenimiento);


--
-- TOC entry 5014 (class 2606 OID 36451)
-- Name: mantenimientos_programados mantenimientos_programados_pkey; Type: CONSTRAINT; Schema: public; Owner: postgres
--

ALTER TABLE ONLY public.mantenimientos_programados
    ADD CONSTRAINT mantenimientos_programados_pkey PRIMARY KEY (id_programado);


--
-- TOC entry 5016 (class 2606 OID 36460)
-- Name: marcas marcas_pkey; Type: CONSTRAINT; Schema: public; Owner: postgres
--

ALTER TABLE ONLY public.marcas
    ADD CONSTRAINT marcas_pkey PRIMARY KEY (id_marca);


--
-- TOC entry 5018 (class 2606 OID 36471)
-- Name: notificaciones notificaciones_pkey; Type: CONSTRAINT; Schema: public; Owner: postgres
--

ALTER TABLE ONLY public.notificaciones
    ADD CONSTRAINT notificaciones_pkey PRIMARY KEY (id_notificacion);


--
-- TOC entry 5020 (class 2606 OID 36480)
-- Name: roles roles_pkey; Type: CONSTRAINT; Schema: public; Owner: postgres
--

ALTER TABLE ONLY public.roles
    ADD CONSTRAINT roles_pkey PRIMARY KEY (id_rol);


--
-- TOC entry 5022 (class 2606 OID 36492)
-- Name: ubicaciones ubicaciones_pkey; Type: CONSTRAINT; Schema: public; Owner: postgres
--

ALTER TABLE ONLY public.ubicaciones
    ADD CONSTRAINT ubicaciones_pkey PRIMARY KEY (id_ubicacion);


--
-- TOC entry 5024 (class 2606 OID 36503)
-- Name: ubicaciones_tecnicos ubicaciones_tecnicos_pkey; Type: CONSTRAINT; Schema: public; Owner: postgres
--

ALTER TABLE ONLY public.ubicaciones_tecnicos
    ADD CONSTRAINT ubicaciones_tecnicos_pkey PRIMARY KEY (id_ubicacion_tecnico);


--
-- TOC entry 5026 (class 2606 OID 36524)
-- Name: usuarios ukcdmw5hxlfj78uf4997i3qyyw5; Type: CONSTRAINT; Schema: public; Owner: postgres
--

ALTER TABLE ONLY public.usuarios
    ADD CONSTRAINT ukcdmw5hxlfj78uf4997i3qyyw5 UNIQUE (correo);


--
-- TOC entry 5004 (class 2606 OID 36520)
-- Name: empresas ukd6avi1g5t06l7qo67kj8ty2j2; Type: CONSTRAINT; Schema: public; Owner: postgres
--

ALTER TABLE ONLY public.empresas
    ADD CONSTRAINT ukd6avi1g5t06l7qo67kj8ty2j2 UNIQUE (ruc);


--
-- TOC entry 5028 (class 2606 OID 36522)
-- Name: usuarios ukefovjjo5q5jlsa0f9eoptdjly; Type: CONSTRAINT; Schema: public; Owner: postgres
--

ALTER TABLE ONLY public.usuarios
    ADD CONSTRAINT ukefovjjo5q5jlsa0f9eoptdjly UNIQUE (cedula);


--
-- TOC entry 4984 (class 2606 OID 36518)
-- Name: activos ukgcx5lymdnsvji4lac0od1govt; Type: CONSTRAINT; Schema: public; Owner: postgres
--

ALTER TABLE ONLY public.activos
    ADD CONSTRAINT ukgcx5lymdnsvji4lac0od1govt UNIQUE (serie);


--
-- TOC entry 5030 (class 2606 OID 36516)
-- Name: usuarios usuarios_pkey; Type: CONSTRAINT; Schema: public; Owner: postgres
--

ALTER TABLE ONLY public.usuarios
    ADD CONSTRAINT usuarios_pkey PRIMARY KEY (id_usuario);


--
-- TOC entry 5040 (class 2606 OID 36570)
-- Name: cargos fk156ptm0uj5txq9wfe38el6mg3; Type: FK CONSTRAINT; Schema: public; Owner: postgres
--

ALTER TABLE ONLY public.cargos
    ADD CONSTRAINT fk156ptm0uj5txq9wfe38el6mg3 FOREIGN KEY (fk_departamento) REFERENCES public.departamentos(id_departamento);


--
-- TOC entry 5065 (class 2606 OID 36705)
-- Name: notificaciones fk16afpmdf9tgjj859c0ak0i5al; Type: FK CONSTRAINT; Schema: public; Owner: postgres
--

ALTER TABLE ONLY public.notificaciones
    ADD CONSTRAINT fk16afpmdf9tgjj859c0ak0i5al FOREIGN KEY (referencia_actividad_id) REFERENCES public.actividades_planificadas(id_actividad_planificada);


--
-- TOC entry 5066 (class 2606 OID 36700)
-- Name: notificaciones fk1mxbjb81ft61gwlh0kabubndc; Type: FK CONSTRAINT; Schema: public; Owner: postgres
--

ALTER TABLE ONLY public.notificaciones
    ADD CONSTRAINT fk1mxbjb81ft61gwlh0kabubndc FOREIGN KEY (usuario_id) REFERENCES public.usuarios(id_usuario);


--
-- TOC entry 5031 (class 2606 OID 36535)
-- Name: actividades_planificadas fk29ey84ng8x7unp5easofaw07q; Type: FK CONSTRAINT; Schema: public; Owner: postgres
--

ALTER TABLE ONLY public.actividades_planificadas
    ADD CONSTRAINT fk29ey84ng8x7unp5easofaw07q FOREIGN KEY (referencia_mantenimiento_id) REFERENCES public.mantenimientos(id_mantenimiento);


--
-- TOC entry 5070 (class 2606 OID 36720)
-- Name: usuarios fk3kl77pehgupicftwfreqnjkll; Type: FK CONSTRAINT; Schema: public; Owner: postgres
--

ALTER TABLE ONLY public.usuarios
    ADD CONSTRAINT fk3kl77pehgupicftwfreqnjkll FOREIGN KEY (id_rol) REFERENCES public.roles(id_rol);


--
-- TOC entry 5068 (class 2606 OID 36726)
-- Name: ubicaciones fk3rfsch4vleccoqk5k6w2dh3jn; Type: FK CONSTRAINT; Schema: public; Owner: postgres
--

ALTER TABLE ONLY public.ubicaciones
    ADD CONSTRAINT fk3rfsch4vleccoqk5k6w2dh3jn FOREIGN KEY (fk_departamento) REFERENCES public.departamentos(id_departamento);


--
-- TOC entry 5032 (class 2606 OID 36545)
-- Name: actividades_planificadas fk421wid8o79m2ixhf6t77f51ec; Type: FK CONSTRAINT; Schema: public; Owner: postgres
--

ALTER TABLE ONLY public.actividades_planificadas
    ADD CONSTRAINT fk421wid8o79m2ixhf6t77f51ec FOREIGN KEY (tecnico_id) REFERENCES public.usuarios(id_usuario);


--
-- TOC entry 5039 (class 2606 OID 36565)
-- Name: actualizacion_activos fk4cqs93qxk93k507xy3j8jevj1; Type: FK CONSTRAINT; Schema: public; Owner: postgres
--

ALTER TABLE ONLY public.actualizacion_activos
    ADD CONSTRAINT fk4cqs93qxk93k507xy3j8jevj1 FOREIGN KEY (actualizado_por_id) REFERENCES public.usuarios(id_usuario);


--
-- TOC entry 5058 (class 2606 OID 36675)
-- Name: mantenimientos fk4rbatic48qof2ikqw0i8wml9n; Type: FK CONSTRAINT; Schema: public; Owner: postgres
--

ALTER TABLE ONLY public.mantenimientos
    ADD CONSTRAINT fk4rbatic48qof2ikqw0i8wml9n FOREIGN KEY (tecnico_id) REFERENCES public.usuarios(id_usuario);


--
-- TOC entry 5041 (class 2606 OID 36580)
-- Name: checklist_categoria fk5xfsarwmawff61vc0b252lu9t; Type: FK CONSTRAINT; Schema: public; Owner: postgres
--

ALTER TABLE ONLY public.checklist_categoria
    ADD CONSTRAINT fk5xfsarwmawff61vc0b252lu9t FOREIGN KEY (id_actividad) REFERENCES public.actividades_checklist(id_actividad);


--
-- TOC entry 5059 (class 2606 OID 36660)
-- Name: mantenimientos fk7uqalh2pefnhcjjljoj6yyiyh; Type: FK CONSTRAINT; Schema: public; Owner: postgres
--

ALTER TABLE ONLY public.mantenimientos
    ADD CONSTRAINT fk7uqalh2pefnhcjjljoj6yyiyh FOREIGN KEY (cliente_id) REFERENCES public.custodios(id_custodio);


--
-- TOC entry 5051 (class 2606 OID 36635)
-- Name: equipos fk8h9wtrvbuf7hp7n3x3154l72u; Type: FK CONSTRAINT; Schema: public; Owner: postgres
--

ALTER TABLE ONLY public.equipos
    ADD CONSTRAINT fk8h9wtrvbuf7hp7n3x3154l72u FOREIGN KEY (id_marca) REFERENCES public.marcas(id_marca);


--
-- TOC entry 5044 (class 2606 OID 36595)
-- Name: custodias fk8ibkm9a8g0r16sixu4hhyuca; Type: FK CONSTRAINT; Schema: public; Owner: postgres
--

ALTER TABLE ONLY public.custodias
    ADD CONSTRAINT fk8ibkm9a8g0r16sixu4hhyuca FOREIGN KEY (id_equipo) REFERENCES public.equipos(id_equipo);


--
-- TOC entry 5045 (class 2606 OID 36590)
-- Name: custodias fk8l5d7qgngmukr5w9qm3y0w5jp; Type: FK CONSTRAINT; Schema: public; Owner: postgres
--

ALTER TABLE ONLY public.custodias
    ADD CONSTRAINT fk8l5d7qgngmukr5w9qm3y0w5jp FOREIGN KEY (id_custodio) REFERENCES public.custodios(id_custodio);


--
-- TOC entry 5033 (class 2606 OID 36525)
-- Name: actividades_planificadas fk8wvva9wefg1rthvwncgm66npb; Type: FK CONSTRAINT; Schema: public; Owner: postgres
--

ALTER TABLE ONLY public.actividades_planificadas
    ADD CONSTRAINT fk8wvva9wefg1rthvwncgm66npb FOREIGN KEY (creado_por_id) REFERENCES public.usuarios(id_usuario);


--
-- TOC entry 5047 (class 2606 OID 36605)
-- Name: custodios fk94uypj4505axa3t0h749tp417; Type: FK CONSTRAINT; Schema: public; Owner: postgres
--

ALTER TABLE ONLY public.custodios
    ADD CONSTRAINT fk94uypj4505axa3t0h749tp417 FOREIGN KEY (fk_cargo) REFERENCES public.cargos(id_cargo);


--
-- TOC entry 5042 (class 2606 OID 36575)
-- Name: checklist_categoria fkb6p5gsfw2ygdakaemsupdcrk4; Type: FK CONSTRAINT; Schema: public; Owner: postgres
--

ALTER TABLE ONLY public.checklist_categoria
    ADD CONSTRAINT fkb6p5gsfw2ygdakaemsupdcrk4 FOREIGN KEY (id_categoria) REFERENCES public.categorias_equipo(id_categoria);


--
-- TOC entry 5060 (class 2606 OID 36670)
-- Name: mantenimientos fkc0ki116odpff030ci9pfytxwq; Type: FK CONSTRAINT; Schema: public; Owner: postgres
--

ALTER TABLE ONLY public.mantenimientos
    ADD CONSTRAINT fkc0ki116odpff030ci9pfytxwq FOREIGN KEY (equipo_id) REFERENCES public.equipos(id_equipo);


--
-- TOC entry 5043 (class 2606 OID 36585)
-- Name: consentimiento_monitoreo fkc0taqo5xvutwb1r2ysuhv7ek2; Type: FK CONSTRAINT; Schema: public; Owner: postgres
--

ALTER TABLE ONLY public.consentimiento_monitoreo
    ADD CONSTRAINT fkc0taqo5xvutwb1r2ysuhv7ek2 FOREIGN KEY (usuario_id) REFERENCES public.usuarios(id_usuario);


--
-- TOC entry 5038 (class 2606 OID 36560)
-- Name: activos fkcgpbxbrnesngiggqvws48dugo; Type: FK CONSTRAINT; Schema: public; Owner: postgres
--

ALTER TABLE ONLY public.activos
    ADD CONSTRAINT fkcgpbxbrnesngiggqvws48dugo FOREIGN KEY (fk_ubicacion) REFERENCES public.ubicaciones(id_ubicacion);


--
-- TOC entry 5055 (class 2606 OID 36650)
-- Name: firmas_mantenimiento fkclasor73mrhjqxnl7i9pvw61f; Type: FK CONSTRAINT; Schema: public; Owner: postgres
--

ALTER TABLE ONLY public.firmas_mantenimiento
    ADD CONSTRAINT fkclasor73mrhjqxnl7i9pvw61f FOREIGN KEY (id_mantenimiento) REFERENCES public.mantenimientos(id_mantenimiento);


--
-- TOC entry 5034 (class 2606 OID 36530)
-- Name: actividades_planificadas fkcq05u2tqqam4dk30oqwx73mjm; Type: FK CONSTRAINT; Schema: public; Owner: postgres
--

ALTER TABLE ONLY public.actividades_planificadas
    ADD CONSTRAINT fkcq05u2tqqam4dk30oqwx73mjm FOREIGN KEY (fk_equipo) REFERENCES public.equipos(id_equipo);


--
-- TOC entry 5063 (class 2606 OID 36685)
-- Name: mantenimientos_programados fkd26djjopn5ktubd88r87b6wij; Type: FK CONSTRAINT; Schema: public; Owner: postgres
--

ALTER TABLE ONLY public.mantenimientos_programados
    ADD CONSTRAINT fkd26djjopn5ktubd88r87b6wij FOREIGN KEY (equipo_id) REFERENCES public.equipos(id_equipo);


--
-- TOC entry 5069 (class 2606 OID 36710)
-- Name: ubicaciones_tecnicos fkd7ltrnfxt4ukac1ujv3029vwk; Type: FK CONSTRAINT; Schema: public; Owner: postgres
--

ALTER TABLE ONLY public.ubicaciones_tecnicos
    ADD CONSTRAINT fkd7ltrnfxt4ukac1ujv3029vwk FOREIGN KEY (usuario_id) REFERENCES public.usuarios(id_usuario);


--
-- TOC entry 5048 (class 2606 OID 36615)
-- Name: custodios fkdkpbscmniy1bxsqyb1vxub7gb; Type: FK CONSTRAINT; Schema: public; Owner: postgres
--

ALTER TABLE ONLY public.custodios
    ADD CONSTRAINT fkdkpbscmniy1bxsqyb1vxub7gb FOREIGN KEY (usuario_id) REFERENCES public.usuarios(id_usuario);


--
-- TOC entry 5046 (class 2606 OID 36600)
-- Name: custodias fkg42ea2tbtq7jr4clrnrtdo8sp; Type: FK CONSTRAINT; Schema: public; Owner: postgres
--

ALTER TABLE ONLY public.custodias
    ADD CONSTRAINT fkg42ea2tbtq7jr4clrnrtdo8sp FOREIGN KEY (fk_ubicacion) REFERENCES public.ubicaciones(id_ubicacion);


--
-- TOC entry 5056 (class 2606 OID 36645)
-- Name: firmas_mantenimiento fki1au4lxoekegp6kkceo3xj2qv; Type: FK CONSTRAINT; Schema: public; Owner: postgres
--

ALTER TABLE ONLY public.firmas_mantenimiento
    ADD CONSTRAINT fki1au4lxoekegp6kkceo3xj2qv FOREIGN KEY (firmado_por_id) REFERENCES public.usuarios(id_usuario);


--
-- TOC entry 5071 (class 2606 OID 36715)
-- Name: usuarios fkildn8kon9kyb9m21cofwmx0uu; Type: FK CONSTRAINT; Schema: public; Owner: postgres
--

ALTER TABLE ONLY public.usuarios
    ADD CONSTRAINT fkildn8kon9kyb9m21cofwmx0uu FOREIGN KEY (id_departamento) REFERENCES public.departamentos(id_departamento);


--
-- TOC entry 5050 (class 2606 OID 36620)
-- Name: departamentos fkirtsufa6nwctag8wkfu6b7w1q; Type: FK CONSTRAINT; Schema: public; Owner: postgres
--

ALTER TABLE ONLY public.departamentos
    ADD CONSTRAINT fkirtsufa6nwctag8wkfu6b7w1q FOREIGN KEY (fk_ubicacion) REFERENCES public.ubicaciones(id_ubicacion);


--
-- TOC entry 5049 (class 2606 OID 36610)
-- Name: custodios fkisos3tnkwr9kfdl2vtmthfrmh; Type: FK CONSTRAINT; Schema: public; Owner: postgres
--

ALTER TABLE ONLY public.custodios
    ADD CONSTRAINT fkisos3tnkwr9kfdl2vtmthfrmh FOREIGN KEY (fk_ubicacion) REFERENCES public.ubicaciones(id_ubicacion);


--
-- TOC entry 5052 (class 2606 OID 36625)
-- Name: equipos fkivrkn0snkeby1cr9tyn6tbgbq; Type: FK CONSTRAINT; Schema: public; Owner: postgres
--

ALTER TABLE ONLY public.equipos
    ADD CONSTRAINT fkivrkn0snkeby1cr9tyn6tbgbq FOREIGN KEY (activo_id) REFERENCES public.activos(id_activo);


--
-- TOC entry 5057 (class 2606 OID 36655)
-- Name: imagenes_mantenimiento fkji5hej6vi8eyl18dl690mg6j4; Type: FK CONSTRAINT; Schema: public; Owner: postgres
--

ALTER TABLE ONLY public.imagenes_mantenimiento
    ADD CONSTRAINT fkji5hej6vi8eyl18dl690mg6j4 FOREIGN KEY (id_mantenimiento) REFERENCES public.mantenimientos(id_mantenimiento);


--
-- TOC entry 5067 (class 2606 OID 36695)
-- Name: notificaciones fkjwr4ksj3fmckrotd2v1wk9gk1; Type: FK CONSTRAINT; Schema: public; Owner: postgres
--

ALTER TABLE ONLY public.notificaciones
    ADD CONSTRAINT fkjwr4ksj3fmckrotd2v1wk9gk1 FOREIGN KEY (referencia_mantenimiento_id) REFERENCES public.mantenimientos(id_mantenimiento);


--
-- TOC entry 5036 (class 2606 OID 36550)
-- Name: actividades_realizadas fklxlc368x937yd9l3lrd599rrn; Type: FK CONSTRAINT; Schema: public; Owner: postgres
--

ALTER TABLE ONLY public.actividades_realizadas
    ADD CONSTRAINT fklxlc368x937yd9l3lrd599rrn FOREIGN KEY (id_actividad) REFERENCES public.actividades_checklist(id_actividad);


--
-- TOC entry 5053 (class 2606 OID 36630)
-- Name: equipos fkn09j9yf2hkj8ijw444mfe49dh; Type: FK CONSTRAINT; Schema: public; Owner: postgres
--

ALTER TABLE ONLY public.equipos
    ADD CONSTRAINT fkn09j9yf2hkj8ijw444mfe49dh FOREIGN KEY (id_categoria) REFERENCES public.categorias_equipo(id_categoria);


--
-- TOC entry 5061 (class 2606 OID 36680)
-- Name: mantenimientos fkn2rgi6eujq76b1v44f7dp289i; Type: FK CONSTRAINT; Schema: public; Owner: postgres
--

ALTER TABLE ONLY public.mantenimientos
    ADD CONSTRAINT fkn2rgi6eujq76b1v44f7dp289i FOREIGN KEY (fk_programado) REFERENCES public.mantenimientos_programados(id_programado);


--
-- TOC entry 5054 (class 2606 OID 36640)
-- Name: equipos fkormomovqbwwe9p6dvncq4s6dx; Type: FK CONSTRAINT; Schema: public; Owner: postgres
--

ALTER TABLE ONLY public.equipos
    ADD CONSTRAINT fkormomovqbwwe9p6dvncq4s6dx FOREIGN KEY (fk_ubicacion) REFERENCES public.ubicaciones(id_ubicacion);


--
-- TOC entry 5064 (class 2606 OID 36690)
-- Name: mantenimientos_programados fkqepowqun0q5o9mp1gbqn89irj; Type: FK CONSTRAINT; Schema: public; Owner: postgres
--

ALTER TABLE ONLY public.mantenimientos_programados
    ADD CONSTRAINT fkqepowqun0q5o9mp1gbqn89irj FOREIGN KEY (tecnico_id) REFERENCES public.usuarios(id_usuario);


--
-- TOC entry 5062 (class 2606 OID 36665)
-- Name: mantenimientos fkrl0h3lf2ephhi4jrplbt528i4; Type: FK CONSTRAINT; Schema: public; Owner: postgres
--

ALTER TABLE ONLY public.mantenimientos
    ADD CONSTRAINT fkrl0h3lf2ephhi4jrplbt528i4 FOREIGN KEY (empresa_id) REFERENCES public.empresas(id_empresa);


--
-- TOC entry 5037 (class 2606 OID 36555)
-- Name: actividades_realizadas fks6f2omky61vq8ctvk9vydpl9v; Type: FK CONSTRAINT; Schema: public; Owner: postgres
--

ALTER TABLE ONLY public.actividades_realizadas
    ADD CONSTRAINT fks6f2omky61vq8ctvk9vydpl9v FOREIGN KEY (id_mantenimiento) REFERENCES public.mantenimientos(id_mantenimiento);


--
-- TOC entry 5035 (class 2606 OID 36540)
-- Name: actividades_planificadas fkti6cj08dlgvgn1wwyh56sl8an; Type: FK CONSTRAINT; Schema: public; Owner: postgres
--

ALTER TABLE ONLY public.actividades_planificadas
    ADD CONSTRAINT fkti6cj08dlgvgn1wwyh56sl8an FOREIGN KEY (fk_mantenimiento_prog) REFERENCES public.mantenimientos_programados(id_programado);


-- Completed on 2026-04-05 19:25:19

--
-- PostgreSQL database dump complete
--

\unrestrict 6aDjZAV0ijDzVumleIyELvVNvchlbicYAWxJe83aPxFXB2A3KcHqLuYCk4C849o

